age,sex,race,realrinc,educ,hrs1,marital,bible,childs,paeduc,maeduc,degree
43,1,1,NA,14,NA,5,1,0,12,12,0
74,0,1,NA,10,NA,4,1,3,0,8,0
42,1,1,45400,16,40,1,2,2,12,16,1
63,0,1,54480,16,40,1,2,2,16,12,1
71,1,2,NA,18,NA,3,2,0,12,12,1
67,0,1,NA,16,NA,2,2,2,12,12,1
59,0,2,8512.5,13,35,3,2,6,NA,6,0
43,1,1,17025,12,89,5,3,0,NA,12,0
62,0,1,908,8,40,2,1,4,12,12,0
55,1,1,45400,12,40,1,2,2,6,20,0
59,1,1,54480,19,40,3,2,2,12,12,1
34,0,3,8512.5,14,20,4,1,3,NA,14,0
61,0,1,NA,13,NA,3,1,2,NA,12,0
44,1,2,45400,16,40,1,1,2,16,12,1
41,0,2,NA,12,NA,5,1,2,15,16,0
75,0,1,5107.5,12,19,2,1,4,12,12,0
55,0,1,30645,16,NA,1,3,0,14,13,1
30,0,1,NA,16,NA,1,2,2,16,16,1
40,0,1,30645,20,40,3,3,2,15,19,1
30,1,1,NA,18,40,5,4,0,16,16,1
34,0,1,17025,15,42,1,2,1,NA,17,0
29,0,3,NA,14,NA,5,1,0,12,12,0
40,0,1,45400,14,32,1,2,1,16,16,0
37,1,1,20430,12,50,5,3,0,18,18,0
56,0,1,8512.5,16,15,1,1,3,16,16,1
82,1,1,NA,8,NA,2,2,2,8,8,0
68,0,1,17025,12,33,3,2,3,12,12,0
42,0,2,NA,9,NA,5,1,5,0,10,0
40,0,1,NA,12,NA,3,1,3,12,12,0
20,1,1,6242.5,14,40,5,2,0,16,17,0
74,0,1,NA,12,NA,1,2,2,NA,12,0
89,1,1,NA,8,NA,1,1,7,19,12,0
60,0,1,NA,16,NA,1,2,2,12,12,1
56,0,1,54480,16,46,3,3,0,NA,16,1
55,0,1,NA,10,16,3,1,3,9,8,0
65,1,1,45400,18,40,1,2,5,12,12,1
71,0,1,NA,20,20,2,2,1,14,12,1
34,1,1,20430,20,45,5,3,0,16,18,1
45,1,1,20430,19,50,1,2,1,12,8,1
50,0,2,NA,12,NA,NA,2,NA,NA,NA,0
65,0,1,6242.5,12,30,3,3,2,12,12,0
52,1,1,17025,12,40,5,1,0,NA,10,0
62,0,1,NA,12,NA,2,2,1,12,12,0
60,1,3,NA,18,NA,1,2,0,20,16,1
62,0,1,30645,16,NA,3,2,2,NA,8,1
46,0,1,14755,12,25,2,1,3,11,6,0
40,1,1,37455,18,20,1,2,2,16,16,1
53,0,1,NA,18,NA,1,2,3,NA,14,1
75,1,1,NA,17,NA,3,2,1,19,15,1
67,0,1,NA,16,NA,3,2,2,NA,18,1
22,1,1,NA,14,30,5,2,0,16,12,0
42,0,1,12485,12,40,4,1,3,3,6,0
59,0,1,37455,18,55,3,4,2,18,17,1
33,0,3,24970,18,NA,1,4,1,16,16,1
46,1,1,151050.72136000003,16,40,1,3,2,17,17,1
55,1,1,63560,14,40,3,2,1,7,7,1
43,0,1,NA,16,NA,1,2,2,8,8,1
45,0,2,4086,14,NA,5,2,2,12,12,0
23,1,1,30645,11,35,5,2,0,NA,NA,0
28,0,2,2951,9,29,4,3,2,NA,12,0
27,0,2,1589,13,NA,1,2,1,12,12,0
42,0,2,9647.5,10,25,1,1,3,NA,11,0
41,0,2,24970,16,35,5,1,0,12,12,1
64,0,2,NA,13,NA,2,1,1,8,8,0
53,1,2,NA,12,NA,5,NA,4,12,12,0
79,1,2,NA,20,NA,3,2,4,6,8,1
34,1,1,24970,14,45,1,3,3,NA,16,0
59,0,2,NA,14,NA,4,1,3,NA,12,0
32,0,2,63560,19,55,5,2,0,16,16,1
33,0,2,NA,16,NA,1,1,3,NA,12,1
35,1,1,NA,15,NA,5,3,0,NA,14,0
37,1,2,30645,16,75,1,2,0,20,20,0
28,0,3,NA,16,NA,1,3,0,NA,14,1
42,0,1,14755,20,45,1,3,2,12,16,1
21,1,1,3405,14,35,5,2,0,18,14,0
33,0,2,17025,14,32,5,2,2,NA,NA,0
37,0,1,63560,16,50,1,2,2,14,12,1
89,0,1,NA,8,NA,2,2,3,NA,NA,0
47,0,3,NA,14,NA,1,NA,1,12,NA,0
63,0,3,NA,NA,NA,1,NA,NA,NA,NA,0
71,0,2,NA,16,NA,1,3,0,8,8,1
42,0,2,NA,12,40,1,NA,1,14,12,0
37,0,3,7377.5,12,40,3,2,1,NA,5,0
40,0,1,20430,13,40,1,1,4,14,12,0
70,1,1,9647.5,12,20,4,2,4,NA,6,0
28,1,2,20430,17,42,5,2,0,0,12,1
53,0,3,227,13,40,5,1,2,0,6,0
46,1,1,151050.72136000003,16,NA,1,3,2,NA,14,0
55,1,1,24970,18,35,1,3,0,18,16,1
28,1,3,4086,18,35,5,2,0,17,16,1
42,1,1,45400,16,NA,5,2,0,16,16,1
77,0,1,8512.5,19,3,1,2,0,14,9,1
29,1,3,NA,16,30,5,2,0,16,16,1
62,0,2,NA,12,NA,2,4,1,NA,NA,0
30,0,2,45400,16,40,5,1,2,NA,12,1
22,1,2,NA,14,30,5,2,0,10,14,0
69,0,2,NA,13,NA,1,3,1,11,10,0
45,1,2,24970,16,NA,4,4,0,16,20,1
32,0,3,NA,12,NA,1,2,1,14,5,0
60,0,1,NA,4,NA,2,3,1,NA,NA,0
48,1,3,24970,12,40,3,4,1,NA,NA,0
81,0,3,NA,12,NA,3,NA,1,6,5,0
50,1,3,54480,18,40,1,3,0,12,12,1
78,0,1,NA,14,NA,1,2,2,8,NA,0
56,1,1,30645,18,NA,5,3,0,10,11,1
60,1,1,45400,14,40,5,2,0,12,9,0
23,1,1,20430,12,64,5,3,0,14,15,0
67,0,1,NA,12,NA,5,2,0,NA,NA,0
54,0,1,NA,16,30,1,1,5,14,12,1
62,0,1,NA,14,NA,1,2,2,14,13,0
55,0,1,45400,14,36,3,2,2,8,10,0
56,0,1,6242.5,12,28,1,2,1,12,12,0
58,1,1,NA,14,NA,5,3,0,NA,15,0
74,0,1,NA,12,NA,3,NA,1,12,12,0
70,1,1,63560,16,40,1,3,3,12,16,1
35,1,1,NA,17,40,1,3,2,12,13,1
65,1,2,NA,8,NA,1,3,2,NA,NA,0
42,0,1,NA,14,NA,1,2,2,NA,NA,0
48,0,1,6242.5,13,16,1,2,2,NA,12,0
32,1,1,20430,13,40,5,3,0,NA,18,0
56,0,1,NA,12,NA,1,2,3,10,12,0
61,0,1,20430,12,40,1,2,2,12,9,0
76,0,1,5107.5,16,12,2,3,2,8,12,1
59,0,1,14755,16,30,1,2,2,16,16,1
69,1,1,14755,16,30,5,2,0,10,12,1
48,1,3,45400,18,40,5,3,0,14,12,1
68,0,1,37455,20,40,1,2,2,NA,16,1
39,0,1,NA,16,15,5,2,0,16,16,1
38,1,1,20430,18,50,1,3,2,NA,18,1
39,0,1,72640,18,40,5,3,1,18,16,1
52,0,1,NA,12,NA,1,1,4,0,6,0
41,0,1,NA,20,NA,1,4,1,16,14,1
60,1,1,63560,17,40,1,3,3,14,12,1
69,1,1,72640,15,40,1,2,2,16,16,0
60,1,1,54480,13,55,1,3,0,NA,12,0
22,0,3,NA,12,40,5,2,0,4,12,0
33,1,3,4086,16,NA,5,3,0,13,14,0
35,0,3,20430,16,55,1,3,0,12,12,1
38,0,1,4086,12,40,1,1,2,3,0,0
25,0,1,5107.5,15,6,5,3,0,0,0,0
55,1,1,20430,14,40,3,2,2,7,12,0
34,1,1,4086,17,22,1,2,0,16,12,0
49,1,3,NA,11,NA,3,1,0,NA,12,0
18,1,2,NA,12,NA,5,2,0,16,16,0
56,1,3,30645,12,65,3,2,3,10,8,0
19,1,2,NA,12,45,5,1,0,NA,12,0
34,1,2,30645,12,NA,5,3,0,NA,16,0
26,0,2,6242.5,17,40,5,2,0,11,12,1
28,1,1,NA,14,NA,5,3,0,14,12,0
59,0,1,45400,19,40,4,3,2,6,17,1
39,0,2,30645,16,40,5,2,0,12,12,1
77,0,2,NA,13,NA,4,1,4,6,6,0
35,0,2,NA,12,NA,5,1,1,14,12,0
46,0,3,8512.5,16,40,4,2,4,12,16,1
57,1,3,20430,8,32,5,3,0,0,0,0
35,0,3,908,11,40,1,2,4,NA,6,0
58,0,1,12485,12,52,4,1,4,0,3,0
20,0,3,2951,14,30,5,2,0,13,5,0
48,0,3,3405,7,40,1,2,5,6,6,0
51,0,1,6242.5,2,50,4,3,3,NA,2,0
18,0,3,NA,11,NA,5,2,0,NA,12,0
18,0,1,NA,12,NA,5,2,0,12,12,0
41,0,3,17025,12,45,1,2,2,NA,12,0
51,0,3,NA,15,NA,1,2,2,14,6,0
41,0,1,NA,6,NA,1,2,4,0,6,0
71,0,1,NA,13,NA,5,3,1,12,12,0
43,1,1,NA,9,45,5,2,0,0,0,0
53,1,3,NA,16,6,5,1,0,16,5,1
46,1,1,24970,18,53,5,3,0,16,14,0
36,1,1,24970,13,42,1,3,3,NA,12,0
19,1,1,3405,12,45,5,3,0,12,NA,0
65,1,3,12485,14,30,1,1,1,12,0,0
60,0,1,20430,13,40,3,1,0,13,14,0
63,0,1,NA,16,NA,5,2,0,13,12,1
36,1,1,151050.72136000003,20,60,1,3,2,14,14,1
40,0,3,NA,16,NA,1,NA,2,20,12,1
42,0,1,72640,18,40,1,3,3,20,12,1
61,1,1,63560,14,60,4,2,0,12,13,0
27,1,3,37455,16,43,5,NA,0,16,16,1
52,1,1,NA,14,NA,5,2,1,NA,11,0
36,0,2,NA,12,20,5,NA,0,NA,12,0
74,0,1,NA,16,NA,3,1,4,NA,NA,0
36,1,1,30645,20,50,5,3,0,15,12,1
34,1,1,37455,17,50,5,2,0,18,18,1
46,1,3,63560,16,72,3,3,1,12,0,1
21,0,1,908,14,NA,5,3,0,16,15,0
72,0,1,45400,11,NA,3,2,3,NA,9,0
46,1,3,45400,16,60,1,2,2,14,16,1
21,0,1,NA,14,NA,5,3,0,12,16,0
46,1,3,30645,13,60,5,3,1,13,12,0
53,1,3,54480,12,60,3,2,3,12,12,0
74,0,1,NA,18,NA,2,2,4,NA,9,1
70,1,1,NA,6,NA,3,3,1,6,6,0
36,0,3,24970,16,40,1,2,1,12,13,1
57,1,1,NA,11,NA,1,3,1,12,12,0
60,1,1,45400,16,45,5,1,0,18,16,1
53,0,3,10782.5,12,40,3,2,3,0,3,0
69,1,1,10782.5,12,35,1,2,4,6,6,0
38,0,1,30645,16,40,1,2,3,NA,16,1
48,0,1,5107.5,14,10,1,1,3,16,12,0
30,1,3,37455,16,60,5,2,0,19,16,1
29,1,1,63560,13,NA,5,2,0,NA,9,0
68,0,1,NA,16,NA,1,2,2,12,12,1
64,0,1,NA,13,NA,1,2,5,16,12,0
43,1,3,NA,16,NA,1,1,2,9,9,1
69,0,1,NA,12,NA,2,2,1,12,12,0
47,1,1,24970,12,48,1,3,3,16,12,0
57,1,1,NA,12,NA,1,1,2,12,12,0
50,1,1,NA,16,40,1,3,0,NA,12,1
25,0,3,NA,12,NA,5,2,0,11,12,0
75,1,1,NA,14,NA,3,3,2,NA,12,0
46,1,1,54480,14,54,1,1,2,12,NA,0
77,0,1,NA,10,NA,3,2,2,NA,NA,0
18,0,2,NA,11,NA,5,3,0,NA,12,0
62,0,1,NA,12,NA,1,1,1,12,12,0
30,0,1,8512.5,15,30,1,2,2,NA,NA,0
70,0,3,NA,7,NA,2,1,1,0,10,0
50,1,1,2497,3,40,1,2,1,2,4,0
44,0,3,NA,12,NA,4,1,5,NA,0,0
33,0,1,17025,12,45,1,1,1,6,6,0
34,0,1,37455,19,35,1,2,2,12,13,1
46,0,1,NA,16,8,1,3,2,8,12,1
51,1,1,NA,12,30,1,2,3,0,0,0
28,1,2,17025,14,40,5,1,0,14,NA,0
74,1,3,4086,16,16,3,3,5,6,12,1
29,0,1,5107.5,15,30,5,3,2,NA,14,0
49,1,3,8512.5,11,NA,1,1,8,5,5,0
28,0,1,17025,17,20,5,2,0,14,20,1
48,0,1,NA,12,NA,4,2,4,10,12,0
24,0,1,NA,12,25,5,1,1,4,12,0
51,0,3,4086,15,70,3,2,1,NA,8,0
42,0,1,30645,16,40,3,2,2,12,12,1
44,1,2,NA,17,60,1,1,3,20,16,1
33,0,1,NA,12,NA,1,2,0,NA,14,0
29,1,1,17025,12,40,1,3,0,12,16,0
48,0,1,37455,17,50,1,3,0,16,14,1
62,0,1,14755,10,40,2,1,4,12,6,0
88,0,1,NA,12,NA,2,1,4,10,17,0
65,1,1,37455,18,NA,1,2,4,14,14,1
28,0,1,NA,13,NA,1,2,0,NA,14,0
58,0,1,17025,14,40,1,1,3,12,14,0
26,1,1,20430,13,45,5,1,2,9,12,0
61,0,1,12485,13,40,1,1,3,12,13,0
30,0,1,17025,13,40,1,2,3,NA,4,0
22,0,1,NA,14,15,5,4,0,20,NA,0
24,0,3,NA,12,40,5,2,0,12,12,0
29,1,3,20430,12,40,5,1,2,NA,5,0
70,1,1,NA,13,NA,2,1,1,7,14,0
34,1,1,NA,16,NA,5,3,0,NA,10,1
66,1,1,NA,12,NA,1,3,0,14,12,0
84,0,1,NA,12,NA,3,3,2,NA,NA,0
37,1,1,151050.72136000003,16,60,1,3,2,16,16,1
61,0,1,2951,14,NA,3,1,3,12,12,0
58,0,2,NA,12,NA,5,1,7,NA,12,0
88,1,2,NA,10,NA,3,1,6,NA,12,0
80,0,3,NA,1,NA,4,3,8,0,1,0
36,1,3,14755,12,48,5,2,1,12,12,0
33,0,1,NA,16,40,5,2,0,12,12,1
81,1,1,NA,16,NA,2,2,7,8,6,1
31,1,3,30645,12,40,1,2,3,8,8,0
69,0,1,NA,16,NA,1,2,3,16,12,1
26,1,1,6242.5,16,38,5,3,0,19,16,1
45,1,1,30645,16,70,1,2,0,12,19,1
54,0,1,NA,16,30,1,2,1,12,12,1
61,0,1,14755,16,NA,1,2,2,12,12,1
19,1,1,NA,13,NA,5,3,0,18,18,0
58,1,1,37455,16,42,4,3,2,6,0,1
50,0,1,37455,14,40,3,1,1,4,4,0
36,1,2,30645,16,40,5,2,0,12,14,1
27,0,1,17025,12,40,5,2,1,NA,5,0
51,1,3,20430,12,50,5,3,0,5,6,0
48,1,1,NA,18,50,1,2,2,6,2,1
29,0,1,8512.5,14,40,5,2,2,4,12,0
65,0,1,6242.5,19,35,3,2,3,16,13,1
67,0,1,24970,16,NA,5,2,0,16,16,1
53,1,1,45400,16,70,1,2,1,13,12,1
45,1,1,151050.72136000003,18,55,1,2,2,18,18,1
36,0,1,6242.5,15,25,3,3,1,12,12,0
60,1,1,45400,12,40,1,3,1,12,12,0
63,0,2,24970,16,40,1,2,3,10,12,1
52,0,1,30645,12,55,3,1,1,14,12,0
34,1,1,17025,13,40,1,3,3,14,18,0
58,1,1,17025,14,52,1,2,0,12,12,0
63,1,1,54480,12,NA,1,3,1,12,12,0
71,0,1,NA,16,NA,3,3,0,12,8,1
67,0,1,NA,12,NA,1,1,2,12,12,0
65,0,1,63560,18,NA,3,2,3,12,16,1
39,0,1,20430,15,40,5,2,1,NA,13,0
46,0,1,NA,12,44,4,1,3,12,13,0
83,0,1,NA,12,NA,2,2,4,NA,10,0
59,1,1,54480,17,45,3,2,1,12,12,1
63,0,1,NA,19,30,1,2,1,16,12,1
38,0,1,20430,12,40,5,3,2,NA,11,0
50,1,1,20430,12,40,3,2,2,12,12,0
18,0,1,NA,11,NA,5,2,0,NA,6,0
45,0,1,24970,16,40,1,3,3,12,11,1
18,0,1,NA,11,NA,5,2,0,NA,18,0
39,1,2,NA,20,NA,5,2,0,20,20,1
31,0,1,30645,20,37,5,2,0,20,20,1
44,0,2,37455,16,40,5,2,1,12,12,1
46,0,2,30645,16,40,1,1,1,12,11,1
56,0,1,14755,13,NA,1,1,2,14,12,0
37,1,1,37455,12,40,1,2,2,12,12,0
52,0,1,54480,20,40,3,2,1,12,14,1
69,1,1,2043,14,6,1,1,3,7,7,0
34,1,3,24970,12,60,4,2,2,8,NA,0
25,1,1,NA,17,40,5,2,0,20,16,1
33,1,3,NA,8,40,5,1,0,NA,0,0
45,0,1,10782.5,12,45,3,2,2,12,12,0
57,1,1,151050.72136000003,16,NA,1,2,3,12,12,1
77,1,1,NA,14,NA,3,3,3,14,12,0
29,1,3,45400,16,40,5,2,3,16,16,1
58,1,1,151050.72136000003,18,45,2,3,0,NA,12,1
42,1,1,54480,20,40,1,3,2,18,16,1
65,1,1,24970,13,35,3,3,0,12,12,0
25,0,2,14755,16,45,5,1,0,12,12,1
76,1,1,NA,19,NA,1,1,8,17,12,1
73,0,2,NA,12,NA,2,3,5,NA,12,0
34,0,1,37455,20,35,1,1,5,20,16,1
51,1,2,30645,12,70,1,2,2,NA,12,0
78,0,1,NA,14,NA,1,2,3,NA,12,0
53,1,2,4086,12,30,1,1,3,NA,12,0
83,1,2,NA,11,NA,1,2,7,NA,NA,0
58,0,2,NA,7,NA,5,1,1,NA,11,0
73,1,2,NA,12,NA,2,2,4,NA,NA,0
83,0,1,NA,10,NA,2,1,4,NA,8,0
86,1,2,NA,12,NA,4,3,8,NA,NA,0
70,0,3,NA,14,NA,2,3,0,NA,NA,0
31,0,2,NA,17,NA,5,2,0,NA,12,1
24,0,2,2043,16,NA,5,2,0,NA,16,1
42,1,1,8512.5,14,45,5,3,0,20,16,0
34,0,1,54480,16,40,1,3,0,18,16,1
70,0,1,NA,19,NA,3,3,3,14,6,1
37,0,1,17025,12,NA,5,2,2,NA,14,0
70,1,1,30645,18,NA,1,1,2,14,12,1
71,1,1,NA,12,NA,1,2,2,5,10,0
26,0,1,17025,16,60,5,3,0,16,16,1
54,1,1,151050.72136000003,16,60,1,3,4,16,16,1
40,0,1,63560,16,40,1,2,2,16,18,1
56,0,1,151050.72136000003,16,50,3,2,0,15,NA,1
60,1,1,63560,20,40,2,2,3,14,14,1
72,1,1,1589,16,NA,1,3,0,15,16,1
35,0,2,63560,16,40,1,2,2,14,16,1
55,1,1,151050.72136000003,18,40,1,1,4,NA,18,1
28,0,2,12485,14,NA,1,1,3,16,16,0
77,0,1,NA,13,NA,3,1,5,NA,12,0
30,0,2,17025,12,40,5,2,2,NA,12,0
67,0,1,NA,12,NA,2,1,3,5,7,0
53,0,2,NA,12,NA,5,1,0,NA,15,0
37,0,2,227,15,NA,1,1,4,NA,16,0
51,0,2,151050.72136000003,14,40,1,2,1,14,14,1
35,0,2,5107.5,12,NA,1,1,8,NA,11,0
60,0,1,NA,20,NA,1,2,2,16,20,1
68,1,3,54480,16,NA,1,3,1,17,15,1
43,1,1,54480,20,45,1,2,2,13,16,1
36,0,3,NA,12,NA,1,2,6,12,10,0
34,0,2,4086,9,37,5,1,2,NA,NA,0
39,1,2,45400,18,40,1,1,3,10,6,1
52,1,1,37455,14,60,5,2,1,12,10,0
70,1,1,24970,12,60,4,2,0,12,12,0
60,1,1,NA,12,NA,1,1,4,12,12,0
61,0,1,NA,13,NA,1,1,2,12,12,0
32,0,1,NA,14,10,1,1,2,12,12,0
40,0,1,14755,16,30,4,2,3,NA,12,1
44,1,1,37455,17,45,3,2,2,14,12,0
67,0,2,NA,6,NA,3,2,1,5,6,0
70,0,1,63560,16,40,5,3,0,14,14,1
27,0,1,37455,16,45,5,2,0,16,16,1
30,0,1,45400,18,55,1,3,0,16,16,1
61,1,1,151050.72136000003,16,40,1,2,2,9,9,0
30,1,1,151050.72136000003,16,60,5,2,0,18,20,1
38,1,1,45400,16,52,1,3,0,16,12,1
27,0,1,37455,16,40,5,3,0,NA,16,1
67,0,1,NA,15,NA,1,1,4,8,8,0
45,1,1,14755,16,40,4,3,2,14,16,1
68,0,1,24970,14,NA,1,2,0,12,12,0
18,0,1,2497,14,60,5,2,0,NA,16,0
77,0,1,NA,14,NA,2,2,2,NA,12,0
78,0,1,NA,16,NA,2,3,3,15,12,1
61,0,1,NA,16,NA,1,3,2,16,16,1
72,1,1,227,12,20,1,2,2,12,12,0
89,0,1,NA,12,NA,2,NA,5,NA,0,0
75,0,1,NA,19,NA,2,2,3,NA,16,1
48,1,3,17025,15,15,1,3,1,12,12,1
48,0,1,45400,16,50,1,2,3,14,16,1
41,0,1,24970,16,30,5,3,0,16,17,1
30,0,1,30645,16,35,5,2,0,16,16,1
29,0,1,17025,20,40,5,2,0,16,16,1
38,1,2,NA,14,40,1,2,0,NA,12,0
76,0,2,NA,14,NA,2,1,7,14,4,0
55,0,3,NA,13,40,3,2,2,NA,NA,0
28,1,1,NA,18,40,5,3,0,18,20,1
18,0,2,NA,9,NA,5,1,0,NA,NA,0
24,0,3,NA,17,NA,5,3,0,19,19,1
34,1,1,37455,0,40,1,3,0,12,12,0
77,0,1,NA,16,NA,1,2,3,16,12,0
89,1,1,NA,12,NA,5,2,0,12,12,0
69,1,1,54480,19,30,1,3,2,8,12,1
70,1,1,12485,12,NA,3,3,2,12,12,0
71,0,1,NA,16,NA,1,2,4,12,12,1
34,1,1,12485,16,32,5,4,0,16,16,1
77,0,3,NA,12,NA,5,3,0,NA,NA,0
20,0,1,908,12,38,5,2,0,12,11,0
38,0,1,NA,3,8,1,1,2,0,0,0
29,0,1,NA,12,NA,5,1,4,12,NA,0
69,1,1,NA,15,NA,1,2,2,12,11,0
36,0,1,NA,11,NA,5,2,4,11,9,0
43,0,3,NA,14,NA,1,1,3,16,10,0
64,0,1,NA,13,NA,3,1,3,NA,16,0
53,1,1,20430,13,40,1,2,3,8,14,0
69,0,1,NA,15,NA,1,2,2,8,8,0
39,0,1,NA,10,NA,3,2,3,12,12,0
57,1,1,NA,14,50,1,2,2,12,12,0
63,0,1,45400,15,40,1,1,1,6,12,0
75,0,1,NA,8,NA,5,1,1,NA,6,0
32,1,1,151050.72136000003,16,45,1,3,2,14,14,1
46,1,1,24970,13,70,4,3,2,3,NA,0
41,1,1,20430,12,NA,3,2,3,NA,10,0
49,0,1,24970,16,NA,3,2,2,12,12,1
65,1,1,NA,13,NA,1,3,2,NA,12,0
59,0,1,37455,14,40,1,3,1,8,8,0
47,1,1,30645,12,41,3,1,2,12,12,0
27,0,3,NA,13,40,5,2,1,12,8,0
57,0,1,9647.5,12,38,1,2,2,12,12,0
74,0,1,2951,20,18,1,2,1,NA,14,1
51,0,1,1589,18,25,1,1,2,20,16,1
44,1,3,151050.72136000003,20,60,1,3,2,18,16,1
46,0,1,30645,16,40,3,2,0,12,12,1
42,0,3,20430,12,40,1,1,3,NA,12,0
65,0,1,63560,16,50,3,2,2,14,14,1
36,1,1,151050.72136000003,16,60,1,2,2,16,16,1
80,0,1,NA,18,NA,2,2,5,NA,14,1
32,0,3,7377.5,16,40,1,3,0,12,14,1
89,1,1,NA,5,NA,2,2,3,6,NA,0
40,0,3,NA,16,NA,1,3,2,16,14,1
88,0,1,NA,12,NA,2,3,0,12,12,0
59,0,1,4086,16,NA,1,2,2,12,12,1
55,0,1,151050.72136000003,18,60,1,2,2,12,16,1
31,0,2,17025,14,45,5,1,0,12,12,0
31,1,3,10782.5,18,40,1,3,0,12,12,1
35,0,1,24970,16,40,1,2,1,18,NA,1
32,0,3,NA,17,NA,5,3,0,16,12,1
48,0,3,NA,12,NA,1,3,5,3,12,0
24,0,2,NA,12,NA,1,1,1,NA,NA,0
22,1,3,24970,12,48,5,NA,0,16,15,0
37,0,3,14755,16,40,5,1,1,0,0,0
34,0,2,72640,16,36,5,4,0,NA,14,1
89,0,1,NA,12,NA,2,4,1,8,8,0
55,0,2,NA,0,NA,5,1,5,NA,8,0
46,1,2,24970,12,40,5,NA,4,NA,14,0
29,0,1,14755,17,NA,1,3,0,13,11,1
83,0,3,NA,12,NA,2,1,4,NA,NA,0
33,0,1,24970,16,55,5,3,0,12,16,1
46,0,2,45400,18,40,3,2,3,NA,16,1
19,1,3,NA,13,NA,5,2,0,7,12,0
65,1,2,NA,19,NA,4,4,5,12,18,1
37,0,3,NA,16,NA,1,3,1,2,6,0
64,0,1,NA,12,NA,1,1,2,12,11,0
22,0,1,NA,14,40,1,1,0,16,12,0
28,1,1,37455,16,50,1,3,0,18,NA,1
24,0,3,4086,17,50,5,2,0,20,17,1
43,1,1,37455,15,40,1,2,0,NA,15,0
32,1,1,17025,16,37,5,3,1,NA,12,1
76,0,1,NA,16,NA,1,2,3,8,12,1
21,0,1,3405,14,30,5,2,0,13,16,0
48,0,3,30645,14,40,1,3,2,14,3,0
76,1,1,NA,15,NA,1,2,2,12,12,0
55,0,1,37455,16,37,1,2,0,9,10,1
70,0,1,14755,14,40,3,3,1,NA,12,0
66,0,1,NA,18,NA,3,3,3,16,15,1
37,0,3,14755,19,40,3,2,1,3,6,1
70,0,1,NA,16,NA,1,2,2,16,16,1
43,1,1,54480,18,57,1,2,0,17,15,1
19,0,3,NA,9,NA,5,1,1,NA,10,0
70,1,1,NA,15,NA,1,2,3,12,10,0
40,0,1,37455,18,42,1,2,0,16,16,1
59,1,3,1589,20,35,1,NA,2,7,7,1
70,0,1,NA,12,NA,1,1,3,7,7,0
31,1,1,10782.5,13,30,5,3,0,16,16,0
51,0,3,37455,18,36,5,1,0,18,16,1
32,0,2,8512.5,15,30,1,2,0,12,12,0
60,0,1,NA,12,NA,1,NA,2,12,12,0
27,1,1,8512.5,12,35,5,3,0,12,16,0
89,1,1,NA,16,NA,2,2,2,6,4,1
50,0,2,NA,11,NA,3,2,5,12,NA,0
44,0,2,14755,16,20,5,1,6,12,12,1
85,0,1,NA,12,NA,2,1,4,NA,3,0
33,1,1,14755,12,60,1,2,3,6,9,0
31,0,1,NA,14,NA,5,3,1,NA,14,0
46,0,1,72640,16,50,1,2,2,NA,12,1
72,1,1,151050.72136000003,16,70,1,3,3,15,16,1
50,0,1,37455,20,15,3,2,2,16,18,1
66,1,1,NA,20,NA,1,2,2,20,14,1
35,0,1,20430,17,38,5,2,0,17,16,1
35,0,2,NA,11,44,5,1,2,NA,12,0
33,0,2,NA,13,35,5,1,1,NA,12,0
66,0,1,NA,6,NA,4,3,5,NA,NA,0
53,1,1,14755,10,10,1,1,5,NA,8,0
37,0,2,NA,16,NA,1,1,4,NA,NA,1
33,1,1,37455,12,44,1,3,0,12,16,0
28,1,2,NA,16,40,1,2,2,16,16,1
30,0,1,NA,16,NA,1,2,1,14,12,1
37,1,1,NA,11,40,1,3,1,11,12,0
38,1,3,37455,16,40,1,3,0,12,12,0
84,1,1,NA,14,NA,1,1,2,11,12,0
66,1,1,30645,17,50,1,1,2,17,17,1
29,0,3,24970,16,40,1,2,0,16,16,1
39,1,1,54480,17,45,1,3,1,17,17,1
33,0,2,45400,16,45,1,1,2,16,14,1
68,0,3,20430,18,2,2,1,0,12,12,1
70,0,1,NA,16,30,1,2,2,16,16,1
50,1,1,NA,16,NA,1,2,2,12,4,1
54,1,1,72640,17,40,1,2,2,17,14,1
45,1,1,NA,16,NA,1,3,2,NA,12,1
48,0,1,NA,14,65,1,2,1,20,14,0
73,1,1,NA,16,NA,1,2,2,12,12,1
77,0,1,NA,18,NA,1,2,1,11,NA,1
59,0,1,54480,16,50,2,2,1,8,11,1
72,1,1,12485,12,NA,1,2,2,12,12,0
68,1,1,NA,18,NA,1,1,6,6,12,1
60,0,1,7377.5,12,44,1,2,1,16,14,0
63,1,1,24970,12,60,1,1,3,12,12,0
45,1,1,6242.5,14,25,5,2,0,12,NA,0
35,0,1,151050.72136000003,13,30,1,2,4,18,14,0
22,0,1,227,12,NA,5,1,2,12,16,0
36,0,1,NA,12,35,1,2,3,NA,12,0
76,0,1,227,13,6,2,2,4,3,NA,0
61,0,1,NA,12,NA,1,2,2,16,12,0
56,0,1,24970,12,45,3,2,1,12,12,0
26,0,2,908,12,48,5,2,0,NA,12,0
59,1,2,NA,13,NA,3,2,6,NA,9,0
55,1,2,20430,12,40,5,2,1,NA,12,0
57,1,1,45400,18,40,1,2,2,20,13,1
59,0,1,NA,14,NA,1,2,3,14,14,0
33,0,1,4086,14,18,1,1,0,NA,8,0
75,0,3,NA,2,NA,2,2,6,NA,0,0
61,1,1,37455,18,44,1,1,2,12,12,1
39,0,1,14755,13,60,1,1,3,12,14,0
38,0,1,14755,12,40,1,1,2,6,9,0
49,0,1,45400,17,55,3,3,2,12,17,1
71,1,1,NA,16,NA,1,2,2,12,14,1
47,1,2,45400,16,60,5,1,0,16,14,1
52,1,3,37455,13,50,1,3,4,0,0,0
35,0,1,30645,17,30,3,2,2,NA,7,0
54,0,1,NA,12,NA,1,1,2,NA,NA,0
39,0,1,NA,12,NA,1,2,3,NA,12,0
70,1,2,NA,11,NA,5,1,2,12,NA,0
78,0,2,NA,12,NA,2,1,4,3,3,0
74,0,1,NA,20,NA,3,3,2,15,14,1
65,1,1,9647.5,16,5,1,2,2,14,16,1
61,1,1,151050.72136000003,13,30,3,3,1,16,12,0
53,0,1,45400,16,55,1,2,2,12,12,1
21,0,3,2951,12,20,5,1,0,6,12,0
41,0,1,NA,17,36,1,2,2,20,16,1
62,0,1,5107.5,14,25,1,3,4,10,9,0
71,1,1,NA,16,NA,1,2,3,16,16,1
89,1,1,NA,16,NA,2,2,2,NA,NA,1
66,1,1,24970,17,50,1,2,3,16,12,1
28,1,1,24970,16,89,5,2,0,16,12,1
85,0,1,NA,17,NA,2,2,2,NA,16,1
70,1,1,1589,12,25,1,2,2,NA,12,0
29,0,3,30645,16,45,5,1,0,12,12,1
39,1,3,37455,16,40,1,NA,2,17,17,1
28,1,1,9647.5,16,40,5,3,0,13,12,0
74,0,1,NA,16,NA,2,2,2,16,12,1
53,0,1,17025,16,40,1,2,2,11,11,1
66,1,1,NA,20,NA,3,3,2,13,12,1
67,1,1,72640,16,50,1,2,3,16,16,1
28,0,1,NA,20,40,5,3,0,16,16,1
23,0,1,14755,16,55,5,2,0,16,16,1
37,1,1,37455,20,60,1,3,0,16,16,1
27,1,2,30645,12,60,5,3,0,12,10,0
32,0,2,908,14,NA,5,3,3,NA,14,0
40,0,2,1589,12,20,3,3,6,NA,12,0
22,0,1,NA,16,NA,5,2,0,NA,14,1
38,1,2,8512.5,14,40,4,3,1,NA,12,0
45,0,2,14755,15,NA,5,2,3,12,14,0
63,1,1,NA,12,NA,3,3,1,16,12,0
30,0,1,24970,20,37,5,3,0,NA,13,1
25,1,1,NA,12,20,5,3,0,NA,12,0
44,0,3,20430,12,40,3,3,1,NA,NA,0
56,1,1,10782.5,12,45,5,3,1,12,12,0
45,0,1,3405,12,17,1,2,2,11,12,0
27,0,3,5107.5,7,30,5,2,3,NA,NA,0
53,1,3,20430,17,40,1,2,2,7,5,1
66,0,2,12485,15,32,2,1,1,NA,8,0
48,0,2,24970,18,40,3,1,3,NA,16,1
50,0,2,17025,14,40,1,3,2,14,16,0
18,0,3,NA,11,20,5,2,0,12,8,0
51,1,2,10782.5,16,25,5,2,1,16,16,1
63,0,2,24970,13,36,3,1,4,15,12,0
57,0,2,2043,12,22,1,1,3,NA,12,0
68,1,2,NA,16,NA,2,2,3,16,12,1
64,1,1,NA,14,40,1,2,1,12,7,0
26,1,3,12485,12,50,5,2,1,NA,NA,0
58,0,1,72640,16,NA,1,1,0,12,14,0
53,0,2,63560,19,60,1,2,1,7,14,1
28,1,3,2497,12,38,5,1,0,5,9,0
30,0,1,NA,11,NA,1,3,1,NA,9,0
53,1,1,NA,14,NA,1,2,1,14,14,0
56,1,1,24970,13,50,1,1,3,6,NA,0
20,1,1,227,12,NA,5,2,0,14,12,0
64,0,1,151050.72136000003,16,NA,5,NA,0,12,12,1
40,1,3,1589,12,NA,5,2,2,16,16,0
64,0,3,NA,9,NA,1,1,4,4,5,0
39,0,1,8512.5,14,30,1,2,3,NA,14,0
42,0,1,NA,9,NA,1,1,3,6,6,0
22,1,3,2043,11,45,5,2,0,6,9,0
51,1,3,NA,5,30,1,2,6,3,2,0
40,0,3,NA,9,32,3,2,5,6,6,0
40,1,3,24970,10,70,3,1,2,0,7,0
24,0,1,NA,15,NA,1,2,1,NA,11,0
27,0,1,NA,9,NA,5,1,3,NA,NA,0
34,0,3,NA,7,NA,1,1,2,NA,15,0
24,0,3,NA,14,NA,5,NA,0,8,12,0
34,0,3,NA,12,NA,1,1,2,NA,NA,0
44,0,3,NA,16,NA,1,2,2,12,6,1
80,0,1,NA,12,NA,2,1,4,13,15,0
61,0,1,NA,16,NA,1,2,2,13,12,1
39,0,2,7377.5,12,13,3,1,3,16,14,0
41,0,1,37455,20,60,5,2,1,NA,18,1
34,1,3,30645,14,53,1,2,2,NA,18,0
70,0,1,NA,19,NA,1,1,3,12,8,1
49,0,1,45400,15,72,4,2,3,NA,16,0
59,0,3,NA,19,NA,1,2,1,16,6,1
31,0,2,17025,20,50,5,2,1,14,12,1
77,1,1,NA,16,NA,4,2,1,16,12,1
40,0,1,NA,17,30,3,NA,3,NA,14,1
53,0,2,NA,16,25,1,NA,1,NA,8,1
29,0,2,8512.5,12,NA,5,2,3,NA,12,0
39,0,2,17025,15,40,5,1,1,12,16,0
27,0,2,17025,15,NA,5,3,1,14,14,0
62,1,2,37455,18,40,3,1,3,5,5,1
48,0,2,5107.5,12,32,4,1,4,NA,11,0
28,0,3,12485,12,40,1,2,1,9,3,0
47,1,2,6242.5,12,NA,1,1,6,NA,16,0
42,0,2,17025,13,36,5,1,1,NA,14,0
38,0,1,1589,12,15,1,2,3,12,NA,0
53,1,1,20430,16,NA,1,3,1,18,12,1
40,1,2,30645,14,50,3,3,4,12,12,0
57,1,1,63560,15,75,1,3,2,16,16,0
51,1,1,4086,11,40,1,2,1,16,9,0
60,0,1,NA,14,NA,4,2,2,NA,8,0
55,0,1,54480,18,40,3,2,0,NA,0,1
40,0,1,151050.72136000003,14,52,1,1,3,11,12,0
25,1,1,NA,11,35,1,1,2,NA,3,0
19,0,3,5107.5,6,NA,5,1,0,NA,NA,0
46,1,3,9647.5,3,NA,5,4,0,NA,NA,0
60,0,2,NA,9,NA,3,1,5,NA,6,0
22,0,3,2043,12,30,5,1,2,NA,16,0
29,0,2,24970,19,38,5,2,0,14,15,1
28,1,2,14755,16,25,5,3,0,12,16,1
36,0,2,6242.5,12,45,5,2,2,NA,12,0
29,0,1,14755,16,NA,1,1,2,20,14,1
40,1,2,20430,12,52,1,2,2,6,12,0
47,1,1,30645,14,40,1,3,0,16,18,0
51,1,2,14755,14,30,3,1,2,12,14,0
63,1,1,NA,13,NA,5,2,0,16,10,0
33,1,2,NA,13,60,5,2,0,NA,14,0
47,0,2,17025,12,40,1,1,2,NA,12,0
26,0,3,10782.5,15,28,1,2,1,3,3,0
68,1,2,17025,16,20,1,3,2,NA,14,1
36,0,2,NA,16,40,1,1,1,18,18,1
34,1,1,20430,14,89,5,2,0,12,12,0
30,0,2,3405,17,40,5,2,0,12,16,1
71,0,1,NA,13,NA,1,3,2,NA,8,0
28,0,1,NA,12,55,5,2,0,16,16,0
65,1,2,6242.5,16,16,1,1,2,9,12,1
49,1,1,151050.72136000003,12,20,1,1,4,NA,12,0
32,1,1,NA,12,20,3,NA,1,10,13,0
21,0,1,2043,15,NA,5,3,0,14,14,0
38,0,1,6242.5,14,27,1,1,2,15,12,0
22,1,1,10782.5,14,40,5,3,0,14,12,0
50,1,2,17025,14,48,3,2,3,6,12,0
86,1,2,NA,13,NA,1,2,4,15,13,0
59,0,3,9647.5,12,40,1,1,4,9,9,0
28,0,2,NA,15,NA,3,1,0,NA,16,0
54,1,2,30645,15,40,1,2,2,12,20,0
71,0,2,17025,15,NA,1,1,0,12,16,1
58,0,2,20430,16,37,1,2,2,12,12,0
88,0,1,NA,3,NA,2,1,2,0,4,0
34,1,1,37455,12,40,1,2,2,12,12,0
52,0,1,7377.5,12,NA,5,1,4,12,16,0
71,0,1,NA,12,NA,1,1,2,12,12,0
21,0,3,5107.5,11,20,1,2,1,NA,11,0
23,1,2,NA,12,32,5,2,2,NA,12,0
82,1,2,NA,12,NA,2,1,0,3,NA,0
34,1,2,20430,12,30,1,3,3,NA,15,0
32,0,2,8512.5,14,37,3,3,3,NA,9,0
43,0,2,20430,15,30,3,1,0,NA,9,1
75,0,2,NA,12,NA,2,1,2,NA,NA,0
46,1,1,14755,12,50,1,2,1,NA,17,0
33,1,3,12485,12,60,5,3,0,12,12,0
79,0,3,NA,4,NA,3,1,4,0,0,0
50,0,1,NA,12,NA,3,1,2,6,4,0
40,0,1,NA,16,20,3,1,4,6,6,1
89,0,2,NA,4,NA,2,2,6,NA,NA,0
65,1,3,24970,13,40,1,1,3,NA,NA,0
69,0,2,NA,13,NA,3,2,2,NA,12,0
73,1,2,NA,12,NA,3,1,3,8,9,0
53,0,1,5107.5,9,30,5,2,2,NA,12,0
46,0,1,NA,14,NA,1,2,1,12,10,0
56,0,1,37455,12,50,3,2,1,12,NA,0
71,1,1,72640,12,40,1,2,5,5,10,0
33,1,1,37455,12,40,5,1,0,NA,12,0
68,0,1,NA,15,NA,3,2,1,NA,16,0
89,0,1,NA,12,NA,2,2,4,12,12,0
19,1,1,NA,9,22,5,1,0,6,3,0
26,1,2,2043,16,NA,5,1,0,NA,16,1
28,0,1,17025,18,44,3,1,0,18,12,1
70,1,1,NA,12,NA,3,3,2,6,6,0
38,0,2,9647.5,11,35,1,2,1,NA,NA,0
39,1,1,63560,18,40,1,2,4,15,12,1
19,1,3,NA,13,NA,5,2,0,16,14,0
45,1,1,54480,18,NA,1,2,1,18,14,1
47,0,1,63560,18,50,1,3,1,12,12,1
46,1,1,37455,18,40,1,2,2,19,16,1
19,0,1,908,11,NA,5,3,0,16,14,0
48,0,2,72640,16,45,3,1,2,16,18,1
38,0,1,NA,15,NA,1,2,3,NA,12,0
24,1,2,NA,16,NA,5,2,0,14,14,1
54,0,2,NA,12,NA,5,3,1,NA,NA,0
50,1,2,9647.5,15,36,2,1,3,14,NA,0
48,1,2,24970,13,53,3,2,2,14,14,0
25,1,2,2497,14,20,5,1,0,NA,14,0
59,1,2,24970,12,40,3,2,3,12,16,0
25,1,2,NA,12,40,5,3,0,12,9,0
28,0,2,14755,14,47,1,1,1,NA,12,0
40,0,2,5107.5,13,40,5,2,2,7,14,0
73,0,1,NA,18,NA,1,3,3,12,12,1
50,1,1,37455,10,57,1,2,2,12,NA,0
20,0,1,3405,16,42,5,3,0,18,12,0
43,1,1,30645,14,60,1,1,2,16,12,0
68,0,1,NA,16,NA,1,2,0,16,14,1
18,1,1,908,12,35,5,2,0,16,16,0
54,0,2,NA,14,40,1,2,4,NA,11,0
71,0,1,10782.5,17,20,3,NA,1,17,17,1
28,0,1,12485,12,40,1,2,0,NA,13,0
46,1,2,24970,16,40,5,1,0,13,16,1
47,1,1,9647.5,10,42,1,2,4,12,12,0
65,0,1,20430,12,37,2,2,0,12,12,0
18,1,1,NA,12,33,5,3,0,12,12,0
57,0,2,20430,14,50,1,1,3,NA,9,0
65,0,1,2497,16,14,2,2,1,12,11,1
25,0,2,7377.5,12,20,5,2,1,NA,15,0
30,1,2,24970,12,60,5,2,0,NA,12,0
37,0,2,NA,13,NA,5,1,2,12,12,0
68,0,1,NA,12,NA,1,1,2,8,8,0
47,1,1,54480,15,48,3,3,3,12,12,0
61,1,1,NA,10,NA,5,2,0,12,12,0
23,1,3,10782.5,12,40,5,1,0,12,NA,0
27,1,1,14755,18,40,5,3,0,20,12,0
19,1,1,NA,11,54,5,3,0,16,14,0
54,1,1,37455,20,45,1,3,0,12,14,1
34,0,1,2497,16,NA,1,3,0,NA,12,0
89,0,1,NA,18,NA,2,2,3,8,8,1
34,1,3,20430,14,NA,1,2,1,5,5,0
64,1,1,NA,16,NA,1,1,6,14,12,1
36,0,1,45400,16,40,1,3,2,12,18,1
42,0,1,24970,16,NA,3,3,3,12,12,1
44,0,3,1589,16,40,1,3,0,12,14,0
44,1,1,151050.72136000003,15,40,2,2,2,14,14,0
43,1,1,63560,18,45,5,3,0,NA,14,1
77,0,1,NA,17,NA,2,2,3,14,12,1
43,1,1,NA,9,40,3,3,2,NA,12,0
36,1,1,12485,12,16,3,2,2,NA,16,0
30,1,1,5107.5,16,24,5,3,0,12,14,1
58,1,1,24970,19,NA,3,3,3,9,12,1
89,0,1,NA,16,NA,3,2,2,12,8,1
62,1,1,NA,12,NA,5,2,0,12,12,0
76,0,1,NA,14,27,2,2,1,NA,NA,0
51,0,1,20430,14,NA,1,3,3,14,14,0
27,0,1,7377.5,14,68,5,2,0,18,NA,0
73,1,1,NA,14,NA,1,3,0,11,12,0
28,1,1,37455,8,50,5,3,0,12,12,0
34,1,1,20430,16,40,1,3,0,12,12,1
40,0,1,NA,12,NA,5,1,6,10,12,0
35,0,1,20430,16,40,1,2,1,12,9,1
70,1,1,NA,14,50,2,1,0,12,8,0
82,0,1,NA,13,NA,2,2,3,8,NA,0
52,0,1,7377.5,17,32,3,2,4,8,8,0
56,1,1,30645,12,48,3,2,1,12,NA,0
46,0,1,17025,15,NA,1,2,0,NA,14,0
33,0,1,5107.5,12,11,1,1,3,12,12,0
23,0,3,6242.5,8,24,5,2,0,8,8,0
48,1,1,37455,12,42,1,2,2,10,12,0
55,1,1,30645,14,42,3,3,2,16,14,0
56,0,1,NA,12,NA,3,3,0,14,NA,0
74,0,1,NA,16,NA,1,2,2,8,11,1
28,0,1,17025,12,38,5,3,3,NA,12,0
24,0,2,9647.5,NA,32,1,1,2,NA,16,0
62,1,2,NA,20,NA,1,2,2,13,12,1
74,0,2,NA,15,15,2,1,2,12,13,0
24,0,3,9647.5,12,37,5,2,1,12,12,0
29,0,2,5107.5,15,89,1,3,0,NA,15,0
59,0,1,17025,14,70,2,2,3,3,2,0
73,1,1,NA,15,NA,5,1,0,6,10,0
65,1,3,10782.5,3,NA,1,2,6,NA,0,0
19,0,1,10782.5,12,38,1,2,0,14,12,0
22,0,3,2497,12,20,5,2,0,NA,NA,0
40,1,1,5107.5,16,15,1,2,3,12,20,1
48,1,3,9647.5,7,70,1,1,0,NA,0,0
61,1,2,NA,12,NA,1,2,6,NA,12,0
49,0,1,63560,16,52,1,3,3,16,14,1
39,1,3,24970,12,40,1,2,3,6,9,0
45,0,3,12485,16,40,4,3,6,12,13,0
60,1,1,NA,13,NA,5,3,0,12,12,0
32,1,1,20430,16,40,5,3,0,18,16,1
39,1,1,17025,18,32,5,3,0,16,12,1
52,0,2,NA,16,40,1,1,3,NA,12,1
44,0,3,8512.5,15,32,1,3,2,NA,15,0
59,0,2,3405,12,20,3,1,2,NA,12,0
46,0,1,9647.5,12,28,3,2,6,NA,16,0
63,1,1,NA,12,NA,5,2,0,12,12,0
26,1,2,NA,12,NA,5,1,0,NA,14,0
31,1,3,NA,12,NA,5,3,0,NA,0,0
19,1,2,2951,12,NA,5,2,0,NA,16,0
40,0,1,5107.5,18,45,5,3,0,9,16,1
64,1,2,NA,16,NA,1,2,3,12,14,0
25,1,1,3405,15,NA,5,3,0,16,14,0
56,1,1,NA,12,NA,1,2,4,12,12,0
41,0,1,NA,14,NA,1,2,2,NA,12,0
54,0,2,30645,16,48,3,NA,2,NA,16,1
40,1,1,NA,12,40,4,1,2,NA,NA,0
64,1,1,63560,16,40,1,2,2,4,NA,1
56,0,1,37455,16,32,3,2,2,12,12,1
71,0,1,NA,12,NA,2,2,3,12,12,0
50,1,1,63560,16,40,1,3,0,12,12,1
69,1,1,NA,13,NA,3,3,3,13,6,0
49,1,1,1589,12,36,5,2,0,NA,12,0
61,1,1,151050.72136000003,12,60,1,2,2,15,12,0
38,0,1,24970,19,NA,3,2,0,12,12,0
74,1,1,151050.72136000003,16,60,1,3,5,8,12,1
40,0,1,NA,12,NA,1,2,4,12,12,0
34,1,3,NA,12,NA,1,4,0,NA,NA,0
41,1,3,24970,14,40,3,2,0,12,NA,0
78,1,1,30645,10,30,1,2,0,9,NA,0
47,0,3,2497,9,20,1,1,4,2,3,0
50,0,1,6242.5,14,30,5,3,3,12,NA,0
41,0,1,9647.5,12,40,4,3,3,NA,12,0
63,0,1,NA,15,NA,3,1,3,12,12,0
56,1,1,30645,14,40,1,2,1,12,12,0
18,0,1,NA,12,NA,5,2,0,NA,16,0
25,1,3,14755,12,84,1,3,3,12,16,0
55,0,1,20430,14,40,1,3,2,14,6,0
58,1,1,5107.5,14,28,3,2,2,16,16,0
39,0,1,17025,14,30,1,2,2,14,14,0
42,0,3,NA,16,NA,1,2,3,2,1,1
25,1,3,20430,12,NA,5,3,1,NA,12,0
76,0,1,NA,6,NA,1,1,7,3,3,0
53,0,3,37455,17,40,3,2,4,9,6,1
57,1,1,30645,14,50,5,3,0,NA,NA,0
53,0,1,24970,14,54,1,2,3,10,15,0
63,1,1,NA,16,NA,1,2,6,12,12,0
62,0,1,NA,16,NA,1,2,2,6,5,1
56,0,2,45400,17,1,1,1,2,12,12,1
70,1,2,NA,12,NA,3,1,0,12,12,0
35,1,2,30645,16,60,5,2,0,16,12,1
64,0,1,227,16,40,1,3,2,12,10,1
32,1,1,NA,13,70,1,3,3,2,8,0
27,0,1,8512.5,16,NA,5,1,0,16,12,1
67,1,2,20430,12,28,1,1,4,NA,0,0
27,0,1,908,12,NA,1,2,1,14,12,0
31,1,1,908,15,32,5,3,0,18,12,0
79,0,1,NA,13,NA,1,1,2,8,12,0
41,0,1,30645,20,50,3,3,2,12,14,0
29,0,1,6242.5,15,NA,1,2,2,NA,14,0
42,0,2,NA,8,8,5,3,6,NA,12,0
89,0,1,NA,12,NA,2,3,2,12,12,0
52,0,1,6242.5,16,28,1,2,4,NA,16,1
78,1,1,NA,16,NA,1,3,3,NA,16,1
77,1,1,7377.5,12,NA,1,3,6,7,5,0
42,0,1,63560,16,50,3,2,0,16,14,1
45,1,1,30645,16,40,1,1,2,16,14,1
64,0,1,NA,16,15,1,2,1,20,14,1
83,0,1,NA,12,NA,3,2,1,3,NA,0
49,0,1,30645,17,55,1,2,0,18,12,1
31,0,1,20430,17,NA,1,2,2,12,16,1
42,0,1,9647.5,16,16,1,1,2,16,16,1
25,0,1,NA,14,35,5,3,1,12,NA,0
47,1,1,14755,16,40,1,1,4,16,16,1
48,0,1,30645,16,24,1,3,3,16,16,0
53,0,1,9647.5,12,NA,2,2,3,11,12,0
57,1,1,20430,18,40,3,2,2,NA,9,1
84,0,1,NA,12,NA,2,1,2,8,NA,0
83,0,1,NA,14,NA,2,2,0,6,6,0
68,0,1,10782.5,16,40,2,2,1,NA,16,1
64,1,1,NA,12,NA,5,2,0,10,12,0
63,0,1,14755,16,35,3,3,0,13,12,1
70,0,1,NA,12,NA,2,2,3,12,12,0
21,1,2,NA,15,16,5,2,0,NA,14,0
29,1,2,8512.5,12,16,5,2,0,10,16,0
56,1,2,30645,13,61,3,3,2,NA,NA,0
27,1,2,12485,16,NA,5,2,0,16,16,0
53,0,1,NA,12,NA,1,1,1,10,10,0
68,1,1,NA,12,NA,1,2,2,NA,8,0
44,1,1,45400,12,56,3,3,2,NA,16,0
68,0,1,NA,11,NA,1,1,2,NA,8,0
39,1,1,24970,12,43,5,3,2,12,12,0
57,1,1,14755,12,43,3,2,0,16,NA,0
25,1,2,14755,12,62,5,1,0,12,16,0
42,0,2,1589,13,NA,5,1,3,12,NA,0
25,1,2,NA,13,NA,5,1,0,NA,16,0
19,0,2,908,12,40,5,2,0,NA,16,0
66,0,2,NA,12,NA,5,1,4,NA,12,0
74,1,2,NA,14,NA,4,2,2,5,12,0
69,0,3,NA,20,NA,3,2,0,12,12,1
26,0,2,227,12,NA,5,2,1,NA,12,0
69,1,2,10782.5,14,NA,2,2,2,12,NA,0
27,0,1,14755,15,40,1,2,0,12,NA,0
53,1,1,24970,14,NA,5,4,0,NA,15,0
35,1,1,24970,10,40,3,4,3,12,12,0
32,0,1,12485,14,45,1,2,1,12,12,0
19,0,1,NA,11,28,5,3,0,18,14,0
56,1,1,17025,14,60,1,2,4,NA,NA,0
69,1,1,NA,14,NA,3,1,2,8,8,0
66,0,1,NA,12,NA,1,2,1,11,12,0
69,0,1,NA,20,NA,2,1,3,2,6,1
43,1,1,14755,12,60,5,4,2,8,12,0
43,0,1,12485,12,85,3,1,6,NA,12,0
44,0,1,NA,16,50,1,2,2,NA,12,1
58,1,1,63560,16,40,2,2,2,12,12,1
38,1,1,NA,12,40,1,1,2,12,12,0
49,0,1,NA,17,60,1,2,4,16,12,1
51,1,1,37455,12,62,1,2,2,12,12,0
59,0,1,14755,20,50,1,1,2,8,12,1
68,1,1,NA,14,NA,3,NA,1,8,8,0
73,1,1,NA,18,NA,1,2,1,6,12,1
67,1,1,NA,18,NA,1,2,2,12,12,1
70,1,1,NA,19,NA,1,3,2,12,16,1
61,0,1,14755,16,40,1,1,4,14,12,1
50,0,1,20430,14,36,1,2,2,14,12,0
67,1,1,NA,16,NA,1,2,1,NA,12,1
39,1,1,54480,17,40,1,2,2,NA,14,1
48,0,1,37455,18,35,1,1,2,12,11,1
19,0,1,908,13,20,5,2,0,20,16,0
58,1,1,NA,12,NA,1,1,4,NA,0,0
54,0,2,30645,14,44,4,2,3,NA,10,0
20,1,1,NA,11,NA,5,2,0,NA,10,0
89,0,1,NA,15,NA,2,2,3,NA,16,0
44,0,1,NA,11,NA,1,2,3,NA,6,0
59,1,2,24970,12,32,1,1,3,NA,NA,0
47,0,3,NA,17,NA,1,3,0,6,6,1
46,0,1,NA,18,NA,1,1,2,NA,12,1
55,1,3,10782.5,15,40,1,3,2,14,8,0
65,1,2,NA,12,40,1,1,5,NA,12,0
23,0,1,NA,14,40,5,3,0,NA,12,0
28,0,1,NA,9,NA,1,1,4,NA,17,0
76,0,1,NA,17,20,2,1,0,7,8,1
45,1,1,24970,14,55,4,2,0,12,12,1
40,0,1,NA,9,20,5,3,2,6,6,0
77,0,1,NA,12,NA,3,1,3,12,3,0
74,1,1,NA,18,NA,5,3,0,12,12,1
79,0,1,NA,6,NA,1,1,3,NA,6,0
70,1,1,NA,9,NA,1,1,5,6,6,0
61,1,1,227,12,NA,1,1,4,8,12,0
49,1,3,20430,6,55,1,2,5,NA,NA,0
38,1,1,14755,14,40,1,2,2,13,18,1
25,0,1,14755,16,40,5,2,0,16,18,1
36,1,2,30645,16,58,1,2,3,NA,12,0
75,0,1,NA,16,NA,2,1,2,19,18,1
22,1,1,37455,13,55,1,2,0,16,14,0
45,1,1,NA,14,40,1,1,1,16,12,0
26,0,3,3405,14,21,5,2,2,3,0,0
40,1,2,24970,14,40,5,1,0,12,12,0
26,0,2,45400,12,42,4,2,3,11,16,0
60,0,3,12485,11,40,3,2,3,NA,14,0
32,1,1,30645,16,25,1,2,4,19,NA,0
54,0,1,24970,13,30,3,2,3,12,12,0
27,1,1,20430,12,35,5,3,0,NA,10,0
27,0,2,10782.5,14,40,5,1,1,NA,11,0
34,1,1,20430,12,45,5,3,2,12,16,0
37,0,1,NA,16,NA,1,1,2,17,16,1
41,1,1,54480,16,60,1,2,5,3,8,1
32,0,1,151050.72136000003,13,41,3,2,2,16,12,0
43,1,1,NA,18,NA,5,2,0,14,12,1
42,1,1,37455,18,50,1,3,2,14,NA,1
57,1,1,24970,17,54,1,1,2,11,9,1
43,0,1,20430,16,35,1,2,2,13,14,1
41,1,1,NA,18,NA,5,3,0,16,NA,1
77,1,3,NA,13,NA,5,1,2,2,4,0
46,1,1,54480,16,65,1,2,2,16,16,1
50,0,1,45400,20,45,5,3,0,14,16,1
25,1,1,2497,17,52,5,3,0,16,16,1
37,0,1,45400,16,40,1,3,0,11,16,1
60,0,1,227,13,10,1,1,4,12,14,0
57,1,1,6242.5,13,29,1,3,2,12,12,0
38,0,3,NA,12,NA,1,2,2,12,12,0
25,1,1,6242.5,14,8,5,2,0,13,13,0
34,1,1,3405,16,NA,5,3,0,NA,13,1
65,1,1,NA,13,NA,1,2,1,12,NA,0
34,0,1,20430,12,40,5,3,0,NA,13,0
34,0,1,7377.5,15,25,5,2,0,12,12,0
40,0,1,NA,14,NA,5,2,5,NA,13,0
26,0,1,NA,15,54,5,3,1,NA,14,0
23,0,1,6242.5,13,36,5,3,0,16,18,0
24,0,1,17025,12,40,5,2,0,12,12,0
28,0,1,NA,16,16,1,2,0,18,12,0
56,0,1,NA,15,NA,4,2,2,14,15,0
84,1,1,NA,16,NA,1,1,3,8,12,1
42,0,1,5107.5,16,48,3,2,3,NA,13,1
44,1,3,NA,20,50,5,NA,0,9,9,1
51,1,3,45400,20,NA,3,2,3,16,20,1
61,1,2,20430,16,41,3,2,3,9,13,1
37,0,1,37455,16,NA,1,3,2,12,12,1
39,1,1,20430,16,40,3,2,2,14,14,1
65,1,3,151050.72136000003,18,60,4,3,2,14,14,1
39,0,1,8512.5,14,25,2,2,2,12,12,0
26,0,2,12485,13,48,5,2,0,NA,12,0
55,0,1,37455,16,40,1,1,5,10,12,1
51,0,1,37455,16,45,1,1,2,12,12,1
50,0,1,45400,16,49,5,2,0,14,NA,1
61,1,1,20430,14,70,1,2,2,12,12,0
19,0,1,1589,13,NA,5,2,0,18,14,0
42,0,2,20430,14,40,5,1,3,12,12,0
30,1,3,14755,13,70,1,3,2,16,12,0
60,0,1,NA,18,NA,5,2,0,8,12,1
46,0,2,20430,13,45,5,3,3,NA,12,0
35,0,1,10782.5,12,35,5,2,2,12,15,0
75,0,2,NA,12,NA,2,1,0,NA,9,0
35,0,1,NA,10,NA,1,2,0,12,12,0
34,1,1,151050.72136000003,16,60,1,1,4,12,12,1
58,1,1,45400,14,40,3,2,4,8,12,0
55,1,1,63560,12,86,2,2,2,8,12,0
86,1,1,NA,16,NA,2,2,3,NA,12,1
54,1,1,20430,12,51,5,3,0,8,12,0
44,0,1,24970,16,40,3,1,0,12,12,1
55,1,1,45400,12,50,5,3,1,12,12,0
58,0,1,NA,14,NA,2,2,2,14,9,0
54,1,1,24970,15,50,3,1,1,NA,18,0
31,0,1,17025,16,30,4,3,2,NA,11,1
51,1,1,908,15,35,5,1,0,12,12,0
39,1,1,20430,10,40,5,1,2,12,12,0
86,0,1,NA,12,NA,2,4,3,0,0,0
54,1,1,37455,16,40,3,NA,2,11,12,1
26,1,2,NA,12,NA,5,3,4,NA,12,0
37,0,1,37455,18,15,1,2,2,NA,17,1
45,1,1,151050.72136000003,16,50,3,3,3,14,14,1
70,0,2,NA,14,NA,1,1,3,8,2,0
43,1,3,30645,20,50,1,3,2,20,15,1
23,1,1,9647.5,14,40,5,2,0,16,16,0
42,0,3,12485,17,25,5,2,3,11,14,1
86,0,1,NA,14,NA,2,2,6,3,12,0
72,0,1,NA,12,NA,4,1,2,6,6,0
55,0,1,227,18,NA,3,2,1,NA,18,1
69,1,2,NA,11,NA,2,1,0,0,3,0
89,0,2,NA,6,NA,2,1,0,NA,NA,0
68,1,2,NA,10,NA,4,1,8,2,8,0
45,0,1,12485,12,7,5,1,0,12,12,0
18,0,1,NA,12,NA,5,2,0,NA,12,0
22,1,1,5107.5,13,50,5,2,0,18,16,0
66,0,1,NA,12,NA,1,2,2,NA,12,0
66,1,1,NA,13,NA,3,1,3,12,6,0
21,1,1,6242.5,9,44,5,1,0,NA,12,0
65,1,1,14755,12,40,1,2,4,8,8,0
29,1,1,NA,13,32,1,2,0,13,16,0
50,0,1,1589,13,7,1,2,4,8,12,0
65,1,1,5107.5,12,20,3,2,0,8,12,0
53,1,1,227,11,20,3,1,1,NA,NA,0
32,0,1,NA,14,NA,1,1,3,NA,11,0
47,0,1,14755,12,46,3,2,2,13,15,0
58,1,3,9647.5,12,48,1,1,7,2,NA,0
44,0,1,30645,15,72,3,1,6,NA,11,0
50,1,1,NA,11,NA,3,2,1,12,12,0
51,1,1,30645,15,60,3,3,2,NA,20,0
53,0,3,24970,13,40,2,2,3,8,12,0
44,0,2,5107.5,14,50,5,2,5,12,12,0
40,1,1,NA,13,NA,5,1,1,12,9,0
56,0,2,NA,11,NA,5,1,3,NA,10,0
52,0,2,227,16,NA,3,3,7,NA,14,0
65,0,2,227,13,6,2,2,1,12,10,0
37,0,1,12485,14,40,1,2,4,16,12,0
50,1,1,24970,16,45,1,2,2,18,16,1
27,0,1,8512.5,15,NA,3,2,0,16,14,0
49,0,1,24970,16,40,1,2,2,12,12,1
41,1,1,NA,8,48,5,2,2,13,14,0
72,1,1,NA,14,NA,1,2,3,8,0,0
42,1,1,14755,12,60,3,2,0,7,12,0
24,1,1,14755,13,32,5,3,0,NA,16,0
31,1,3,12485,9,6,5,1,2,7,NA,0
33,0,1,12485,13,40,1,4,4,12,11,0
69,0,1,6242.5,9,25,3,2,3,5,0,0
46,0,1,30645,16,75,3,2,3,NA,16,1
71,0,1,NA,9,NA,1,1,4,NA,7,0
22,0,1,NA,16,NA,5,3,0,NA,14,0
53,1,1,24970,14,60,1,2,3,12,14,0
30,1,1,30645,16,50,1,3,0,17,14,1
61,1,1,45400,16,45,1,2,2,17,12,1
39,1,3,45400,18,40,1,1,2,5,5,1
27,1,1,NA,16,50,1,2,0,16,16,1
71,1,1,NA,16,NA,3,2,2,18,12,1
60,0,1,37455,12,40,1,2,0,14,12,0
47,1,1,24970,17,40,3,3,2,18,16,1
33,1,1,20430,14,50,1,2,0,16,12,0
29,1,1,14755,17,40,5,3,0,20,18,1
60,0,2,20430,13,41,3,2,0,14,12,0
27,0,2,12485,13,NA,5,2,4,12,12,0
30,1,1,2497,9,NA,5,3,0,NA,NA,0
24,0,1,908,13,15,5,3,0,8,11,0
57,1,1,NA,12,1,5,3,0,NA,NA,0
19,1,1,NA,12,20,5,3,0,NA,12,0
55,1,1,20430,11,50,5,3,0,NA,NA,0
75,0,2,24970,12,32,3,1,3,NA,NA,0
50,1,2,37455,13,60,1,2,1,NA,12,0
70,1,1,9647.5,17,40,1,2,3,6,11,0
65,1,1,NA,18,NA,3,2,2,18,12,1
28,0,1,NA,16,40,1,3,1,16,NA,1
57,0,1,17025,12,50,1,3,5,12,13,0
48,1,1,4086,18,NA,1,2,5,12,12,1
18,0,1,NA,12,40,5,1,0,12,15,0
27,1,1,5107.5,15,40,1,2,0,20,16,0
41,1,1,227,12,10,1,3,0,12,12,0
69,0,1,NA,18,NA,5,2,0,16,12,1
32,0,2,10782.5,15,NA,5,3,1,NA,12,0
21,0,2,NA,12,NA,5,1,0,15,8,0
30,0,2,12485,12,40,5,3,1,15,12,0
66,0,1,NA,12,NA,3,2,6,10,12,0
59,0,3,2951,15,60,3,2,2,12,12,0
22,0,3,2951,12,40,5,2,1,NA,16,0
31,1,1,14755,16,40,5,3,0,NA,12,0
50,0,1,10782.5,16,NA,3,1,3,NA,17,1
21,1,1,2043,15,36,5,3,0,16,16,0
29,1,1,20430,16,40,1,1,0,NA,16,1
21,0,1,2043,15,24,5,2,0,12,NA,0
21,0,3,1589,15,NA,5,2,0,18,12,0
25,1,1,NA,17,35,5,2,0,18,14,1
22,1,1,30645,16,NA,5,2,0,16,15,0
23,1,2,NA,13,NA,5,3,1,16,18,0
21,1,1,NA,14,NA,5,2,0,17,18,0
21,1,1,908,15,NA,5,2,0,20,16,0
55,1,1,151050.72136000003,16,40,1,2,2,12,12,1
63,1,1,20430,20,80,1,2,8,12,12,1
86,0,1,NA,12,NA,2,1,1,NA,NA,0
40,1,1,24970,8,60,1,2,4,NA,13,0
42,1,3,14755,12,70,1,2,3,NA,0,0
64,0,1,NA,12,NA,4,2,2,NA,10,0
72,0,1,151050.72136000003,20,NA,3,3,3,16,12,1
84,1,1,908,16,NA,1,3,2,8,12,0
30,0,2,17025,14,40,5,2,2,16,14,0
33,1,1,9647.5,12,40,5,3,0,NA,16,0
76,1,1,NA,14,NA,2,2,2,12,10,0
28,1,3,30645,19,40,5,2,0,16,14,1
23,0,2,9647.5,16,NA,5,2,0,18,12,1
30,0,1,NA,12,NA,1,2,3,NA,12,0
29,0,3,NA,12,36,5,2,0,7,7,0
23,1,1,7377.5,11,60,3,2,0,NA,12,0
85,1,1,NA,17,89,5,2,0,0,0,1
58,1,3,37455,9,NA,1,1,0,NA,3,0
86,1,1,NA,13,NA,2,3,1,12,12,0
82,1,1,227,17,NA,1,1,6,13,12,1
50,1,2,10782.5,12,40,1,1,8,12,12,0
55,1,2,45400,13,40,5,2,1,13,16,0
41,0,3,24970,16,32,3,2,3,3,4,1
22,1,3,8512.5,14,33,5,3,0,13,0,0
28,1,1,24970,14,40,1,1,3,8,5,0
87,0,2,NA,12,NA,3,1,5,8,12,0
64,1,3,24970,16,2,1,2,3,13,16,1
18,0,1,NA,11,NA,5,2,0,16,13,0
73,0,1,NA,12,NA,1,2,1,12,12,0
68,0,1,NA,13,NA,1,3,0,12,12,0
51,0,1,151050.72136000003,20,1,1,2,3,14,14,1
67,1,1,54480,16,50,1,2,2,NA,12,1
81,1,1,NA,16,NA,2,3,5,NA,8,1
70,1,1,NA,16,NA,3,2,4,12,13,1
63,1,1,NA,12,NA,1,2,1,12,12,0
71,0,1,NA,12,NA,1,1,3,10,8,0
34,1,1,45400,16,50,1,2,2,12,12,1
86,1,1,24970,16,3,2,3,3,12,12,1
39,0,1,20430,12,40,5,3,0,NA,12,0
47,1,1,227,12,NA,3,1,1,NA,NA,0
33,0,2,30645,18,50,1,2,2,NA,11,1
31,1,3,17025,16,42,2,3,0,NA,NA,1
57,0,1,17025,12,NA,1,2,1,12,12,0
35,1,1,12485,13,40,1,2,1,NA,18,0
65,0,1,NA,12,NA,2,3,2,12,12,0
69,1,1,NA,12,NA,5,2,0,NA,12,0
59,0,2,NA,12,NA,3,1,2,NA,12,0
35,1,1,24970,13,62,1,3,2,NA,12,0
37,1,1,12485,13,22,5,2,0,11,12,0
51,0,1,72640,12,40,1,1,2,15,14,0
85,1,3,NA,10,NA,1,3,1,NA,8,0
49,0,1,NA,16,NA,1,2,2,16,16,1
68,0,1,NA,16,NA,1,2,2,12,18,1
70,0,1,NA,17,NA,1,4,2,12,12,0
74,1,1,NA,12,NA,2,2,3,NA,12,0
68,0,1,14755,12,10,1,1,3,8,8,0
46,0,1,30645,16,38,1,1,2,16,12,1
51,0,1,12485,14,24,1,3,2,NA,14,0
66,1,1,NA,12,NA,3,2,2,12,12,0
43,1,1,151050.72136000003,14,30,5,3,1,NA,12,0
74,0,1,NA,11,NA,2,1,3,NA,NA,0
74,1,1,NA,18,NA,1,2,3,12,16,1
85,1,1,NA,12,NA,1,1,4,12,12,0
49,1,1,20430,16,40,3,2,0,12,12,1
46,0,1,NA,12,NA,1,1,2,NA,3,0
37,0,1,NA,17,NA,1,1,4,16,12,1
41,0,1,3405,11,39,4,2,6,NA,11,0
22,1,1,10782.5,12,48,1,2,1,14,12,0
43,0,1,3405,16,50,1,2,1,20,12,1
73,0,1,NA,16,NA,1,2,4,14,16,1
34,0,1,14755,16,NA,1,2,1,12,16,1
87,1,1,NA,14,NA,2,1,3,NA,NA,0
32,0,1,2043,18,NA,5,2,0,16,13,1
31,0,1,NA,14,45,3,1,1,9,9,0
33,1,1,NA,12,NA,5,4,0,12,NA,0
69,1,1,NA,12,NA,3,2,2,12,12,0
77,1,1,NA,12,NA,5,2,0,16,16,0
52,1,1,NA,13,NA,3,3,2,NA,NA,0
37,1,1,37455,15,45,3,3,0,12,NA,0
52,1,1,12485,12,40,5,3,0,NA,12,0
38,0,3,45400,16,40,5,3,0,12,12,1
55,1,3,1589,11,25,3,2,4,NA,17,0
75,0,1,NA,13,NA,1,1,3,8,12,0
50,0,1,12485,14,50,1,2,1,NA,12,0
25,0,1,NA,12,52,5,3,1,11,12,0
28,1,1,12485,12,55,1,2,2,14,12,0
76,1,1,NA,16,NA,3,2,3,14,12,1
52,1,1,151050.72136000003,16,40,1,2,6,13,14,1
22,1,1,17025,12,40,5,1,0,13,16,0
57,1,1,14755,11,35,2,3,1,8,12,0
84,0,1,NA,8,NA,3,1,5,NA,3,0
63,0,1,17025,14,40,1,1,2,10,10,0
58,0,2,45400,20,55,2,1,3,NA,20,1
43,0,1,NA,11,NA,1,3,1,7,8,0
25,0,1,12485,13,50,5,2,0,12,13,0
39,1,1,14755,10,40,1,2,0,NA,12,0
31,0,1,4086,15,40,5,2,3,12,NA,0
39,0,1,17025,12,45,3,2,2,16,15,0
34,0,2,NA,12,38,5,2,3,14,12,0
27,1,1,20430,14,40,1,2,0,NA,13,0
35,1,1,10782.5,16,43,5,3,0,12,16,0
24,0,1,NA,17,40,5,2,0,9,11,0
48,1,1,NA,16,40,5,2,2,NA,13,1
21,1,1,NA,14,NA,5,3,0,16,16,0
30,1,1,17025,15,64,5,2,0,16,16,0
36,1,3,NA,15,60,5,2,1,20,20,0
52,1,1,NA,12,NA,5,1,0,13,16,0
36,1,1,151050.72136000003,17,50,1,2,2,15,12,1
80,0,1,NA,18,NA,2,2,0,12,5,1
27,0,1,8512.5,16,40,5,3,0,16,16,1
24,0,1,NA,18,42,5,3,0,NA,16,1
44,0,1,5107.5,12,40,3,2,2,12,14,0
89,1,1,NA,11,NA,1,2,5,6,10,0
22,1,2,NA,13,40,5,2,0,12,12,0
48,1,3,NA,12,NA,1,1,4,12,12,0
33,0,1,1589,9,40,5,1,3,9,7,0
59,0,3,NA,12,NA,2,1,2,0,0,0
43,1,3,NA,13,40,5,3,0,NA,14,0
32,0,3,227,12,NA,1,1,1,1,0,0
62,0,1,NA,16,NA,3,2,2,12,NA,0
53,0,1,9647.5,12,20,1,2,2,12,18,0
59,0,1,30645,13,32,1,2,2,12,NA,0
47,1,1,54480,12,70,1,1,3,10,10,0
18,0,1,NA,12,NA,5,2,0,8,11,0
64,1,1,12485,12,30,2,1,2,12,5,0
22,1,1,NA,12,22,5,2,0,NA,12,0
37,0,1,45400,16,75,1,3,0,18,18,1
31,0,1,24970,16,40,5,2,0,16,16,1
72,0,1,NA,14,NA,2,1,1,NA,14,0
32,0,1,12485,16,40,1,3,0,13,16,1
69,1,1,NA,16,NA,1,3,0,12,18,1
32,0,1,45400,16,45,5,3,0,12,12,1
32,1,1,20430,16,45,5,2,0,14,14,1
60,0,1,17025,15,35,3,2,4,8,14,0
70,1,1,NA,5,NA,2,2,2,4,2,0
41,0,3,20430,14,60,5,2,1,NA,12,0
35,0,1,NA,17,NA,5,3,0,NA,16,0
77,0,1,NA,14,NA,3,2,3,14,16,0
57,1,1,8512.5,10,20,4,2,1,NA,12,0
26,1,1,NA,15,40,5,3,0,13,12,0
56,1,1,10782.5,12,45,3,3,4,NA,NA,0
24,1,1,24970,16,55,5,3,0,14,14,1
56,0,2,NA,11,NA,5,2,3,NA,11,0
39,0,3,1589,3,32,2,1,3,4,4,0
30,0,1,10782.5,20,NA,1,3,0,20,20,1
26,0,1,6242.5,16,38,5,3,0,14,18,1
31,0,1,NA,12,50,5,3,4,NA,NA,0
36,0,1,24970,16,36,1,2,3,12,10,1
69,1,1,45400,16,89,1,2,4,NA,7,0
39,0,1,20430,16,40,1,3,2,17,16,1
53,1,1,30645,11,46,1,2,2,9,12,0
55,1,1,24970,12,55,4,2,2,14,NA,0
50,0,1,NA,9,NA,3,2,3,12,12,0
31,1,1,14755,18,45,1,3,0,18,16,1
70,0,1,NA,17,NA,5,2,0,12,12,1
68,0,1,NA,14,20,3,2,2,16,16,0
73,1,1,63560,15,20,1,3,2,12,NA,0
60,0,1,7377.5,20,NA,5,3,0,16,14,1
30,1,1,9647.5,12,40,5,3,0,NA,12,0
60,0,1,24970,14,35,1,2,2,12,12,0
61,1,1,227,12,26,3,2,3,8,12,0
69,0,1,5107.5,11,25,2,2,3,NA,12,0
41,1,1,NA,9,NA,5,NA,3,NA,NA,0
64,1,1,NA,14,NA,5,1,0,NA,19,0
63,0,1,NA,12,NA,2,3,4,9,9,0
22,1,2,NA,11,40,5,4,1,NA,13,0
33,0,1,NA,12,NA,4,1,2,NA,0,0
56,1,1,37455,16,40,5,2,0,12,8,1
30,0,1,24970,15,NA,1,3,1,NA,12,0
89,0,1,NA,14,NA,2,2,3,NA,11,0
61,0,1,54480,16,47,3,2,1,12,9,1
55,1,1,24970,12,40,3,2,2,14,12,0
67,0,1,NA,18,NA,5,2,0,20,18,1
61,0,1,NA,12,NA,1,2,2,6,8,0
69,1,1,NA,12,NA,2,2,3,14,12,0
30,1,2,NA,16,41,5,3,0,NA,19,1
70,1,1,NA,12,NA,1,2,3,14,12,0
41,1,2,20430,13,30,3,2,3,12,12,0
67,0,2,6242.5,8,42,5,2,3,10,10,0
62,1,1,NA,12,NA,3,1,1,NA,7,0
36,0,2,12485,14,40,3,1,3,16,15,0
51,0,1,24970,14,40,1,2,2,14,12,0
65,0,1,17025,16,23,1,1,0,12,12,1
63,1,2,4086,12,15,3,2,7,NA,12,0
23,1,1,NA,16,42,5,2,0,14,12,1
89,0,1,NA,12,NA,2,1,7,NA,NA,0
47,0,1,6242.5,16,NA,1,1,0,16,13,0
75,0,1,NA,12,NA,2,1,3,8,12,0
24,1,1,30645,12,50,1,2,0,12,14,0
42,1,1,45400,13,53,1,2,2,12,14,0
29,0,1,NA,12,NA,5,1,1,NA,13,0
26,0,1,10782.5,14,38,5,1,0,NA,12,0
89,0,2,NA,10,NA,2,1,7,NA,NA,0
76,0,1,NA,12,NA,1,1,2,6,6,0
36,0,1,12485,12,40,1,2,2,12,12,0
77,0,1,NA,12,NA,1,1,3,12,12,0
32,1,1,30645,12,64,1,3,2,14,12,0
72,1,1,NA,12,NA,3,3,2,12,NA,0
39,0,1,5107.5,17,40,1,3,1,12,17,1
71,0,1,NA,12,NA,1,1,0,9,10,0
31,1,1,24970,14,86,3,2,3,20,9,1
69,1,1,NA,18,NA,1,2,2,18,12,1
35,1,3,7377.5,3,40,1,1,2,0,0,0
80,1,1,NA,16,NA,1,3,2,8,8,1
49,1,1,45400,16,78,3,2,3,16,16,1
42,1,1,20430,12,40,1,1,3,12,12,0
36,0,3,NA,3,NA,1,1,3,0,1,0
71,1,1,NA,10,NA,1,2,1,NA,NA,0
64,1,1,NA,6,NA,5,1,1,8,NA,0
57,1,1,10782.5,14,50,3,1,1,6,12,0
24,0,1,227,12,NA,1,2,1,11,12,0
47,0,1,NA,13,40,3,2,1,12,12,0
23,1,1,14755,13,37,5,2,0,13,12,0
46,1,1,45400,14,65,3,2,2,10,12,0
57,1,1,NA,10,45,3,1,2,NA,NA,0
50,0,1,20430,18,NA,1,2,3,15,NA,1
34,0,1,20430,13,NA,5,2,0,NA,13,0
20,1,1,NA,13,NA,5,1,0,16,16,0
49,0,1,30645,15,50,1,1,2,16,14,0
30,0,3,24970,15,NA,5,3,0,NA,12,0
29,1,1,14755,12,60,1,1,2,NA,14,0
61,0,1,20430,12,42,3,1,3,NA,12,0
29,0,3,NA,20,NA,5,2,0,15,17,1
21,1,1,NA,14,NA,5,3,0,12,12,0
24,1,1,12485,16,NA,5,2,0,12,16,0
34,0,1,NA,18,NA,1,2,1,12,12,1
25,0,1,2497,14,46,5,3,0,NA,16,0
21,1,1,NA,14,NA,5,2,0,16,16,0
22,1,1,NA,15,NA,5,2,0,16,19,0
38,1,1,2043,12,36,5,4,4,NA,NA,0
70,1,1,7377.5,12,NA,1,2,0,12,12,0
33,0,1,NA,12,NA,1,2,2,12,14,0
75,0,1,NA,10,NA,1,4,1,NA,12,0
56,1,1,5107.5,12,NA,1,2,1,16,NA,0
68,1,1,NA,16,NA,1,2,3,16,14,1
39,0,1,NA,12,34,1,2,3,NA,12,0
54,0,1,10782.5,14,25,1,1,2,14,12,0
60,1,1,37455,12,60,1,3,2,6,5,0
60,1,1,30645,14,43,1,2,1,8,12,0
36,1,1,NA,18,60,1,1,2,14,16,1
31,0,1,14755,12,40,1,2,1,10,12,0
41,0,2,30645,16,40,1,1,3,NA,NA,1
29,0,1,20430,14,53,3,2,1,12,13,0
38,0,1,10782.5,16,3,1,2,1,12,12,1
42,0,1,12485,15,40,3,1,1,NA,12,0
69,0,1,NA,13,NA,3,1,2,12,12,0
29,0,2,20430,16,40,1,2,1,12,16,1
33,1,3,NA,3,NA,1,1,4,3,5,0
27,1,1,24970,14,45,1,3,1,NA,12,0
42,1,1,1589,14,40,1,3,7,10,14,0
57,1,1,37455,19,65,1,2,4,12,18,1
41,0,1,NA,18,65,3,2,1,18,20,1
70,0,1,NA,16,NA,3,1,0,17,12,1
31,1,1,5107.5,8,38,1,2,2,NA,14,0
68,0,1,9647.5,14,NA,1,1,2,8,9,0
38,0,1,20430,20,50,1,2,1,16,12,1
57,1,1,NA,16,NA,5,2,0,16,12,0
38,1,1,24970,15,60,1,2,2,12,12,0
30,0,1,2951,18,50,5,2,0,14,14,1
68,1,1,9647.5,11,32,1,1,2,5,12,0
75,0,1,NA,12,NA,3,1,2,NA,12,0
82,1,1,NA,12,NA,1,1,2,NA,7,0
71,1,1,NA,19,NA,1,2,2,12,NA,0
44,1,1,17025,9,65,1,1,3,10,NA,0
82,0,1,NA,13,NA,2,1,3,12,13,0
69,0,3,NA,12,NA,1,NA,3,12,NA,0
40,1,2,20430,16,40,5,2,0,NA,12,1
61,0,2,12485,12,25,2,1,2,NA,NA,0
70,1,1,NA,11,NA,1,1,1,NA,NA,0
57,0,1,9647.5,13,40,1,2,2,14,15,0
37,0,1,30645,16,40,5,2,0,18,9,1
64,1,2,NA,15,NA,1,2,3,NA,12,1
74,0,2,NA,18,NA,2,2,4,7,8,1
71,0,2,NA,12,NA,4,1,3,NA,NA,0
22,1,1,9647.5,14,NA,5,1,0,NA,16,0
26,0,1,3405,10,NA,5,2,0,6,10,0
52,0,1,20430,13,40,1,1,2,8,NA,0
84,0,2,NA,12,NA,2,1,3,3,2,0
22,1,3,NA,10,NA,5,3,NA,NA,NA,0
28,1,2,3405,13,48,5,3,0,NA,13,0
60,0,1,17025,12,46,3,3,2,12,12,0
31,0,2,2497,15,25,5,2,0,14,11,0
45,1,2,17025,15,60,3,3,5,12,NA,0
49,1,2,17025,14,40,1,2,0,12,12,0
32,0,1,NA,10,35,5,3,5,NA,7,0
43,0,2,4086,11,24,3,1,5,NA,14,0
45,0,2,20430,14,43,3,2,3,NA,12,0
65,1,1,NA,14,NA,1,2,2,12,12,0
32,0,1,NA,14,30,5,2,2,12,16,0
23,0,1,1589,11,NA,5,3,1,12,12,0
52,1,1,30645,18,50,1,1,2,12,12,1
58,0,1,24970,16,40,1,2,2,12,12,1
21,0,1,2497,15,36,5,2,0,NA,12,0
77,0,1,2043,16,NA,2,2,1,8,12,1
86,1,1,NA,10,NA,1,1,4,4,5,0
52,0,1,12485,14,12,3,1,2,8,12,0
66,1,1,NA,16,NA,3,1,2,9,12,1
72,0,1,NA,14,NA,2,1,5,8,6,0
47,0,1,12485,14,40,3,1,1,NA,14,0
58,1,1,37455,16,48,5,1,0,11,10,1
35,0,2,24970,15,50,3,2,0,NA,9,1
50,0,2,20430,14,70,4,3,1,16,16,0
84,0,1,NA,17,NA,2,1,2,18,7,1
22,1,2,NA,15,NA,5,2,0,NA,16,0
29,0,2,14755,17,40,5,1,3,16,16,1
26,1,2,9647.5,12,35,4,3,1,NA,12,0
24,0,1,NA,16,50,1,2,0,12,12,1
38,1,1,NA,14,NA,1,2,0,12,14,0
31,1,1,20430,16,40,5,2,0,NA,18,1
31,0,1,NA,16,NA,5,3,1,NA,15,1
30,0,2,9647.5,16,NA,5,3,0,NA,20,1
46,1,1,151050.72136000003,18,60,1,3,2,18,16,1
49,1,2,5107.5,16,89,5,3,2,12,12,1
29,1,1,9647.5,10,40,1,3,0,NA,12,0
45,0,1,NA,10,NA,3,3,2,12,9,0
67,1,2,NA,12,NA,3,2,7,NA,6,0
34,0,1,30645,12,40,1,1,1,12,8,0
82,1,2,NA,12,NA,2,1,2,NA,0,0
44,1,3,30645,13,40,1,2,2,16,12,0
48,0,1,14755,18,NA,1,2,3,16,12,1
24,0,1,1589,8,NA,5,1,2,NA,NA,0
56,1,1,NA,12,NA,1,3,2,16,NA,0
65,1,1,5107.5,11,40,1,1,3,NA,NA,0
48,0,2,37455,13,40,5,1,1,NA,9,0
27,0,2,NA,16,NA,5,2,2,NA,16,0
55,0,2,45400,18,35,1,2,3,18,16,1
25,1,1,NA,15,NA,1,3,0,16,13,0
55,0,2,5107.5,12,40,3,1,5,NA,10,0
71,0,1,NA,13,NA,4,2,2,NA,NA,0
26,1,1,9647.5,12,70,5,4,2,NA,12,0
59,0,1,7377.5,12,40,1,1,4,12,12,0
56,0,1,30645,16,40,3,3,1,20,13,0
58,0,1,NA,20,NA,3,2,0,8,12,1
27,0,2,14755,15,44,5,2,1,NA,13,0
69,0,2,45400,13,50,1,1,2,12,9,0
30,0,1,227,13,40,5,1,1,16,16,0
71,0,1,24970,17,25,2,3,0,NA,7,1
53,0,2,17025,9,40,1,1,5,NA,NA,0
34,0,2,NA,11,50,1,1,4,16,NA,0
37,0,1,8512.5,8,45,3,2,3,16,9,0
29,0,2,NA,14,38,1,2,3,NA,12,0
63,0,1,6242.5,12,40,3,1,2,NA,NA,0
32,0,2,6242.5,16,NA,5,2,2,NA,12,0
33,1,2,37455,16,50,5,2,0,14,14,1
79,0,2,NA,12,NA,5,1,3,NA,NA,0
22,1,2,2497,12,30,5,4,0,NA,12,0
24,0,1,14755,14,50,5,2,0,12,12,0
31,0,1,NA,16,NA,1,2,0,16,16,1
43,0,1,7377.5,16,NA,1,2,2,16,12,1
56,0,1,151050.72136000003,16,30,3,3,0,16,16,1
54,1,1,5107.5,14,NA,3,3,2,12,14,0
47,1,1,30645,12,50,1,3,2,14,12,0
72,0,1,NA,16,NA,1,2,3,12,12,1
60,1,1,151050.72136000003,18,NA,1,2,2,16,14,1
34,1,1,54480,17,40,1,3,2,NA,10,1
38,1,1,54480,16,40,1,3,2,12,16,1
58,0,1,151050.72136000003,18,NA,1,2,0,NA,16,1
67,0,1,NA,16,NA,3,2,2,16,16,1
39,0,3,NA,13,NA,5,2,3,NA,5,0
75,0,1,NA,12,NA,3,2,2,NA,12,0
65,0,1,908,14,NA,1,2,1,10,11,0
56,1,1,NA,12,NA,5,2,8,NA,12,0
35,0,3,NA,14,NA,3,1,3,NA,15,0
57,0,2,12485,18,50,1,2,4,NA,16,1
63,1,2,10782.5,13,40,1,3,5,12,NA,0
29,1,1,10782.5,12,34,5,2,0,NA,NA,0
66,0,1,NA,12,NA,1,2,2,12,12,0
58,0,1,NA,14,NA,2,3,0,NA,6,0
77,0,1,12485,16,30,1,3,2,7,6,1
38,1,3,17025,6,72,5,1,1,0,6,0
34,0,1,1589,14,12,1,3,4,NA,12,0
27,0,2,12485,13,45,5,1,2,NA,12,0
46,0,1,NA,6,NA,1,1,5,0,0,0
45,0,1,2497,17,10,3,2,4,NA,12,0
23,0,1,5107.5,13,35,1,2,1,NA,6,0
25,0,2,20430,16,36,5,2,0,NA,16,0
23,0,3,4086,14,50,5,3,0,10,12,0
57,1,1,NA,12,NA,1,1,2,NA,10,0
58,0,1,908,14,20,1,2,2,16,12,0
50,0,1,14755,8,46,3,4,2,12,NA,0
70,1,2,NA,13,NA,5,1,1,NA,NA,0
58,0,1,10782.5,14,36,4,1,1,12,14,0
68,0,1,NA,15,NA,3,2,2,NA,0,0
25,0,1,12485,14,16,1,2,1,12,12,0
68,0,1,NA,12,NA,2,2,2,9,5,0
54,0,1,2043,12,15,3,2,1,12,11,0
30,0,1,NA,10,NA,3,2,3,16,NA,0
64,0,1,5107.5,12,20,3,1,3,12,12,0
58,1,1,20430,11,50,1,1,3,6,12,0
69,0,2,NA,0,NA,1,1,4,NA,NA,0
56,0,1,30645,12,NA,1,1,3,16,NA,0
69,0,1,NA,10,NA,1,2,3,12,16,0
46,1,1,NA,12,40,1,1,2,5,NA,0
34,1,1,8512.5,11,40,3,3,3,NA,12,0
67,0,1,NA,13,NA,3,1,4,7,14,0
40,0,1,NA,13,NA,5,2,2,12,10,0
44,0,1,NA,12,NA,3,2,2,12,12,0
32,0,2,20430,15,76,5,2,1,NA,14,0
33,1,2,6242.5,10,45,5,1,1,9,12,0
35,1,3,10782.5,9,60,1,1,2,0,8,0
70,0,3,NA,15,NA,1,NA,2,11,12,0
59,1,2,227,13,NA,5,3,5,NA,NA,0
32,0,2,227,9,30,5,1,1,16,12,0
53,1,2,8512.5,12,30,1,1,8,10,12,0
39,0,2,2497,10,NA,5,1,2,12,NA,0
43,0,2,30645,19,50,1,1,1,NA,15,1
26,1,2,NA,12,40,5,2,3,NA,16,0
64,1,3,NA,20,NA,1,1,2,10,3,1
62,0,1,3405,11,24,3,2,2,NA,9,0
72,1,1,NA,17,NA,3,1,3,6,10,1
58,0,1,14755,12,35,1,1,2,12,12,0
22,0,1,NA,12,43,1,1,0,11,13,0
60,1,3,NA,11,8,1,2,0,6,6,0
42,1,1,30645,13,55,1,2,0,13,12,0
62,1,1,NA,16,NA,3,3,7,5,12,1
39,0,1,NA,14,NA,3,1,2,11,9,0
24,0,1,9647.5,12,40,1,2,0,NA,14,0
38,0,2,NA,11,NA,5,2,3,10,11,0
39,0,1,9647.5,14,50,1,1,2,12,10,0
32,0,1,20430,16,40,1,1,0,12,16,1
85,1,1,37455,17,12,1,2,2,0,0,1
88,1,1,NA,10,NA,2,2,4,3,7,0
44,0,1,20430,17,25,1,2,1,16,14,1
18,1,1,NA,12,NA,5,1,0,12,14,0
32,0,2,8512.5,14,24,5,2,3,16,16,0
60,0,2,17025,18,40,1,1,3,11,12,1
72,0,2,NA,18,NA,1,1,0,12,15,1
61,0,1,9647.5,19,36,2,2,1,12,14,1
27,0,2,NA,14,46,1,1,2,12,12,0
42,1,2,20430,11,58,1,1,6,11,12,0
51,1,2,24970,16,40,4,1,2,NA,11,1
38,1,1,37455,12,65,1,2,1,15,12,0
44,0,1,6242.5,15,15,3,2,1,12,11,0
37,1,2,20430,17,15,5,3,0,NA,12,1
73,0,2,NA,10,NA,2,1,3,NA,9,0
21,1,2,5107.5,15,NA,5,2,0,12,18,0
60,1,3,NA,12,NA,5,1,0,NA,NA,0
70,0,2,2497,12,10,1,1,2,NA,9,0
70,0,2,NA,18,NA,4,1,3,0,0,1
89,1,2,NA,14,NA,1,1,4,NA,16,0
35,0,2,6242.5,11,35,5,1,2,11,11,0
51,0,2,20430,14,55,1,2,1,3,12,0
37,0,1,20430,12,40,1,1,1,12,NA,0
71,1,1,NA,15,NA,1,1,3,12,9,0
35,1,1,NA,12,50,1,2,1,7,7,0
78,1,1,NA,14,NA,1,1,2,5,12,0
32,1,1,2043,12,70,5,2,1,NA,12,0
62,1,1,54480,14,65,3,1,5,16,12,0
41,0,2,24970,14,40,1,1,2,14,NA,1
36,0,1,NA,12,NA,1,2,1,16,16,0
20,1,2,NA,13,27,5,2,0,12,16,0
36,0,2,1589,13,40,5,2,0,NA,20,0
85,1,1,NA,14,NA,2,1,5,8,NA,0
71,1,2,NA,16,NA,2,1,3,NA,5,1
30,1,1,NA,16,45,5,2,0,12,16,1
81,0,1,NA,12,NA,2,1,1,NA,8,0
88,1,3,NA,11,NA,1,2,5,11,0,0
76,0,1,NA,16,NA,3,3,4,12,12,1
59,0,1,24970,16,NA,1,2,2,16,13,1
88,0,1,NA,14,NA,2,1,3,6,6,0
64,0,1,NA,11,NA,2,1,0,NA,6,0
75,0,1,NA,12,NA,5,1,0,15,16,0
55,0,1,6242.5,9,32,3,1,3,0,NA,0
55,0,1,17025,12,40,5,1,0,4,5,0
61,1,3,NA,20,NA,1,1,2,20,12,1
38,1,1,4086,14,35,1,2,7,8,12,0
50,0,2,NA,16,48,3,2,1,13,14,1
54,0,2,4086,16,40,5,1,2,NA,NA,1
80,0,1,NA,12,NA,2,1,4,NA,NA,0
33,0,2,17025,17,32,5,3,0,12,14,1
25,1,1,NA,13,60,5,2,1,14,16,0
22,1,3,NA,14,NA,5,2,0,11,14,0
38,0,1,14755,14,45,5,2,1,10,14,0
25,1,1,NA,12,40,5,3,0,12,NA,0
63,1,1,14755,12,60,5,4,2,9,12,0
22,1,1,NA,13,NA,5,2,0,16,13,0
40,0,3,12485,12,NA,1,NA,1,16,16,0
69,0,1,NA,12,NA,1,1,2,11,8,0
20,0,1,908,14,36,5,2,0,16,16,0
54,1,1,24970,12,40,1,2,2,12,12,0
19,1,1,908,12,NA,5,2,0,16,16,0
34,1,1,9647.5,14,40,5,3,0,NA,12,0
59,0,1,NA,16,NA,1,2,4,18,14,1
59,1,1,151050.72136000003,17,50,1,3,3,NA,20,1
44,0,1,NA,16,1,1,1,2,NA,12,1
34,1,1,30645,19,45,1,3,1,13,18,1
35,0,1,14755,16,35,1,2,1,19,20,1
42,0,1,NA,16,NA,1,2,4,20,14,1
86,1,1,NA,15,NA,5,3,0,8,8,0
32,0,1,9647.5,15,NA,5,1,4,13,16,0
61,0,1,NA,12,NA,3,1,0,10,11,0
19,1,1,NA,12,57,5,1,0,12,12,0
39,1,1,NA,12,NA,1,1,3,9,12,0
71,0,1,NA,8,NA,1,2,4,12,12,0
49,0,1,NA,12,NA,1,1,5,NA,6,0
23,1,1,NA,12,40,5,1,0,14,12,0
56,0,1,9647.5,12,20,1,2,2,12,12,0
47,1,1,30645,12,60,3,2,5,12,12,0
89,0,1,NA,12,NA,2,1,3,NA,12,0
66,0,1,NA,14,NA,3,2,3,12,16,0
54,0,1,151050.72136000003,19,60,1,1,3,11,8,1
33,1,1,17025,17,44,1,3,1,15,12,1
53,0,1,10782.5,13,60,2,2,2,NA,NA,0
76,1,1,NA,11,NA,1,1,3,NA,9,0
86,0,1,NA,11,NA,2,1,2,8,10,0
61,1,1,12485,16,40,1,1,0,12,10,1
71,0,1,NA,16,NA,1,2,2,12,14,1
42,1,1,20430,15,54,1,2,2,12,12,0
23,0,1,NA,14,NA,3,2,1,12,NA,0
44,1,1,NA,12,NA,3,2,2,7,10,0
63,1,1,NA,15,NA,3,1,3,NA,4,0
68,0,1,NA,12,NA,3,2,2,12,12,0
30,0,1,12485,12,40,5,2,0,12,12,0
82,0,1,NA,14,NA,2,1,2,13,13,0
43,0,1,9647.5,14,40,5,2,0,NA,17,0
26,0,1,10782.5,13,40,5,2,2,NA,9,0
57,0,1,NA,14,NA,3,2,0,NA,12,0
42,0,1,12485,14,38,1,2,1,13,12,0
42,1,1,37455,16,52,1,1,4,12,12,1
74,1,1,NA,12,NA,1,1,0,NA,NA,0
47,1,1,24970,12,49,1,1,0,12,12,0
65,1,1,20430,19,50,3,1,0,18,12,1
37,1,1,14755,12,65,1,2,2,11,16,0
89,1,1,NA,8,NA,3,2,5,NA,NA,0
44,1,1,10782.5,12,35,3,2,1,8,14,0
77,0,1,4086,12,25,3,2,2,9,9,0
23,1,1,6242.5,13,32,5,2,0,14,14,0
55,0,1,45400,16,40,2,2,0,12,12,1
37,1,1,20430,19,1,3,2,3,12,18,0
81,0,1,NA,12,NA,2,1,6,6,6,0
60,0,1,20430,13,45,2,2,0,12,12,0
54,0,1,NA,10,NA,1,1,3,NA,8,0
43,1,1,54480,16,50,1,2,2,12,13,1
43,0,2,20430,16,48,1,1,2,0,3,0
21,1,1,17025,12,48,5,2,0,NA,12,0
51,0,1,17025,14,30,3,1,4,NA,20,1
36,1,1,20430,16,40,1,1,2,12,14,1
69,1,1,NA,19,NA,3,1,1,8,8,1
74,1,1,14755,19,16,1,1,6,12,12,1
69,1,1,NA,16,NA,3,2,2,8,12,1
34,0,1,9647.5,12,16,1,1,1,12,12,0
30,0,1,12485,17,46,1,2,1,12,16,1
73,1,1,17025,16,37,3,3,1,12,12,1
34,1,1,2043,15,60,1,3,2,12,16,0
34,1,1,45400,16,40,1,2,0,14,18,1
39,1,1,30645,17,50,1,2,1,14,15,1
34,1,1,NA,15,NA,1,4,2,NA,NA,0
65,0,1,NA,12,NA,1,1,4,7,10,0
46,0,1,20430,12,40,3,1,0,12,12,0
37,1,1,NA,20,40,1,1,4,13,14,1
22,1,1,NA,12,25,5,3,0,12,18,0
55,1,1,30645,12,55,3,1,0,NA,12,0
59,0,1,NA,12,26,5,1,0,12,12,0
69,1,1,NA,18,NA,2,2,2,20,12,1
55,0,1,6242.5,16,25,3,1,3,15,12,0
78,1,1,20430,15,40,1,2,0,10,9,0
88,0,1,NA,16,NA,2,2,5,10,9,1
57,0,1,30645,18,NA,5,2,0,9,9,1
41,1,1,NA,9,NA,4,3,0,NA,NA,0
41,0,1,NA,12,NA,3,1,7,NA,NA,0
56,0,1,NA,11,NA,3,1,2,12,11,0
28,1,2,NA,12,NA,5,1,1,NA,12,0
25,0,1,1589,13,55,1,NA,3,20,NA,0
44,1,1,NA,13,NA,1,3,2,NA,13,0
34,0,2,NA,13,NA,1,2,0,12,16,0
58,1,1,30645,16,53,3,2,0,18,12,1
57,1,2,20430,12,NA,3,1,2,NA,12,0
19,0,2,908,12,50,5,2,0,12,14,0
68,1,1,NA,12,NA,3,1,0,12,16,0
43,1,1,54480,18,45,1,1,4,18,16,1
64,1,1,NA,16,20,5,2,0,18,12,1
43,1,1,12485,15,30,5,2,0,12,12,0
28,0,3,4086,19,NA,1,3,0,13,13,1
23,0,1,NA,17,NA,5,3,0,12,12,1
51,1,1,NA,13,40,2,2,2,12,12,0
37,0,1,NA,12,NA,5,3,2,NA,12,0
31,1,1,NA,14,NA,5,1,0,12,10,0
44,0,1,151050.72136000003,18,40,3,3,1,12,14,1
24,1,1,2043,17,NA,5,3,0,10,12,0
22,1,1,NA,14,NA,5,3,0,18,16,0
22,1,1,NA,15,NA,5,3,0,18,14,0
24,1,2,NA,17,NA,5,2,0,14,14,1
23,1,1,10782.5,12,54,5,2,2,12,NA,0
40,0,1,2043,14,40,1,3,2,16,14,0
78,0,1,NA,12,NA,2,3,3,12,NA,0
62,1,1,30645,12,40,3,2,2,NA,12,0
55,1,1,30645,15,40,1,3,2,16,18,0
27,1,1,14755,16,29,5,2,2,12,12,0
25,0,3,20430,13,60,1,2,0,NA,13,0
52,1,1,24970,18,40,3,2,1,14,16,1
54,1,2,NA,12,NA,3,1,3,12,12,0
76,0,1,NA,10,NA,3,2,5,8,6,0
52,1,1,5107.5,14,43,5,1,0,15,12,0
41,1,2,12485,16,55,5,2,1,NA,12,1
50,0,1,14755,17,50,5,2,0,NA,12,1
43,0,1,NA,18,40,1,2,2,12,12,1
69,1,1,17025,12,40,1,1,0,12,12,0
51,0,1,NA,12,NA,1,1,2,12,10,0
74,1,1,NA,14,NA,1,1,3,12,12,0
48,0,1,NA,12,NA,1,1,2,12,14,0
63,0,1,17025,12,42,1,3,2,7,11,0
59,0,1,10782.5,16,40,1,1,3,12,14,1
24,1,1,NA,17,60,5,2,0,12,13,1
65,1,1,NA,12,NA,3,3,0,12,NA,0
63,0,2,NA,11,NA,5,1,1,NA,NA,0
39,0,1,24970,16,42,3,2,0,12,16,1
66,0,2,NA,11,NA,2,1,2,10,11,0
38,1,1,30645,18,45,1,3,4,12,12,1
63,0,1,7377.5,16,NA,2,1,1,8,8,1
89,0,1,NA,12,NA,3,1,1,8,12,0
63,1,2,1589,11,55,5,1,6,12,12,0
58,1,1,20430,10,45,2,1,2,12,12,0
25,1,1,9647.5,10,45,5,3,1,NA,NA,0
51,1,1,45400,12,60,1,1,3,12,14,0
69,0,1,6242.5,12,37,3,2,1,12,9,0
45,0,1,63560,16,60,1,2,2,12,NA,1
58,0,1,227,16,NA,1,2,2,13,12,1
73,0,1,24970,12,40,2,2,1,NA,NA,0
64,0,1,NA,12,NA,2,2,3,NA,10,0
35,0,1,9647.5,16,40,1,3,2,12,12,1
68,1,1,NA,12,NA,1,2,2,8,10,0
61,0,1,30645,17,45,5,2,0,12,11,1
86,0,1,NA,20,NA,5,2,0,5,12,1
54,1,1,30645,12,45,1,1,2,12,12,0
47,0,1,24970,16,40,1,3,3,12,16,1
65,0,1,NA,14,NA,1,2,4,NA,12,0
63,1,1,63560,16,50,1,2,5,12,8,1
67,0,1,24970,14,NA,2,1,2,7,12,0
64,1,1,20430,13,40,1,2,2,12,NA,0
23,0,1,NA,13,50,1,3,1,13,20,0
27,1,2,14755,12,40,1,2,0,NA,12,0
26,0,1,14755,12,80,5,2,1,16,16,0
41,1,1,30645,12,70,1,3,0,12,12,0
20,1,1,NA,13,44,5,2,0,12,12,0
54,1,1,45400,12,48,3,3,0,12,12,0
86,0,1,NA,17,NA,2,3,5,9,10,1
68,0,1,NA,12,NA,3,2,2,NA,NA,0
54,0,1,NA,8,NA,3,3,2,20,12,0
51,1,3,227,1,40,1,1,0,NA,0,0
61,1,1,12485,14,NA,1,3,1,NA,12,0
89,1,1,NA,14,NA,2,2,4,8,12,0
54,0,1,10782.5,12,37,1,1,3,12,12,0
72,1,1,NA,20,NA,5,2,0,12,12,1
19,0,1,NA,13,NA,5,3,0,8,8,0
59,1,1,45400,16,70,1,1,2,8,12,1
31,0,1,9647.5,12,50,5,2,1,18,14,0
23,0,1,NA,12,40,5,2,1,NA,14,0
55,0,1,227,14,45,2,1,3,12,14,0
34,0,1,24970,16,NA,1,1,3,16,16,1
37,0,1,NA,15,40,1,2,2,10,8,0
30,0,1,30645,16,50,1,2,2,14,16,1
33,0,1,12485,16,20,1,1,3,16,16,1
48,1,1,30645,16,32,3,1,0,12,14,1
60,0,1,908,16,25,1,1,2,12,12,1
47,0,1,NA,20,46,1,2,4,18,12,1
52,0,1,NA,12,45,3,1,0,10,NA,0
67,1,1,NA,12,NA,1,2,2,12,8,0
29,1,1,7377.5,13,51,5,1,2,13,NA,0
31,0,1,NA,13,NA,5,1,1,12,16,0
36,1,1,37455,16,65,1,2,3,12,14,1
64,0,1,24970,18,48,5,2,0,12,12,0
89,0,1,NA,16,NA,2,1,2,8,8,1
63,0,1,20430,16,40,1,2,2,NA,12,1
24,1,2,14755,11,70,5,2,1,9,11,0
35,0,1,20430,14,35,3,2,3,NA,12,0
82,0,1,NA,13,NA,1,2,4,16,12,0
66,1,1,37455,16,40,1,1,5,16,16,1
47,0,1,37455,16,40,1,2,1,14,12,1
53,1,2,20430,16,60,1,2,5,NA,12,1
70,0,1,12485,17,16,1,2,2,NA,12,1
32,0,1,NA,16,40,1,2,3,16,14,1
26,0,1,9647.5,12,40,5,4,0,12,NA,0
35,0,1,20430,16,60,1,1,2,12,12,1
59,1,1,54480,19,40,1,3,1,12,12,1
55,1,1,14755,14,60,1,2,4,NA,18,0
41,0,1,NA,16,NA,1,2,2,16,16,1
85,1,1,NA,14,NA,2,2,2,NA,12,1
50,0,3,30645,16,40,3,2,2,20,20,1
56,1,1,NA,12,NA,4,2,3,8,10,0
77,1,1,NA,12,NA,2,1,6,10,11,0
49,1,1,17025,12,50,3,1,0,NA,12,0
57,1,1,45400,14,46,3,3,2,14,NA,0
66,1,1,NA,14,NA,3,3,2,12,12,0
56,1,2,4086,13,28,5,1,1,12,12,0
55,1,1,6242.5,14,NA,1,1,8,12,12,0
45,1,1,54480,17,60,3,1,1,14,14,1
66,1,1,NA,14,NA,1,2,0,12,12,0
60,1,1,NA,12,50,1,2,0,12,12,0
58,0,1,54480,12,35,1,1,5,12,14,0
28,0,1,NA,12,NA,1,2,3,NA,12,0
45,0,1,30645,16,50,1,2,2,12,17,1
87,0,1,1589,11,NA,1,1,2,6,8,0
56,0,1,63560,16,60,3,2,4,8,12,1
24,1,1,14755,12,50,5,2,0,12,15,0
72,0,1,NA,13,NA,1,1,1,NA,12,0
49,0,2,20430,16,40,5,1,2,NA,13,1
25,0,2,5107.5,12,20,5,2,0,NA,NA,0
53,1,2,NA,11,NA,5,2,1,12,12,0
23,1,2,NA,12,42,5,2,1,NA,12,0
23,0,2,NA,12,60,5,2,3,NA,9,0
73,0,1,10782.5,14,89,1,1,3,11,3,0
18,0,1,NA,12,NA,1,1,2,9,8,0
58,1,1,17025,14,NA,3,2,2,8,8,0
85,1,1,NA,16,NA,3,3,3,0,12,1
25,1,1,8512.5,12,40,5,3,0,12,12,0
72,0,1,45400,16,44,3,3,3,9,14,1
70,0,1,NA,13,NA,5,2,0,12,7,0
62,0,2,7377.5,12,20,3,1,4,NA,8,0
85,1,2,20430,19,NA,2,1,1,9,8,1
39,0,1,5107.5,15,38,5,1,3,NA,12,0
68,1,2,20430,15,NA,2,2,4,7,3,0
64,0,1,12485,12,57,3,1,2,16,NA,0
75,1,1,NA,12,NA,2,3,3,5,12,0
55,1,1,NA,7,NA,1,1,3,NA,NA,0
35,1,2,NA,12,40,1,1,6,12,NA,0
24,0,1,1589,12,60,5,2,1,13,13,0
27,1,1,12485,12,44,5,2,1,12,NA,0
28,0,1,NA,10,NA,1,2,1,6,6,0
61,1,1,NA,18,NA,3,2,0,12,18,1
67,0,1,NA,13,NA,1,2,2,19,13,0
80,1,1,NA,10,NA,2,2,8,NA,NA,0
86,0,1,NA,16,NA,2,2,2,16,16,1
33,0,3,7377.5,12,40,1,1,0,9,6,0
28,0,1,14755,18,36,5,2,1,12,12,1
30,0,1,NA,9,60,3,1,3,5,15,0
23,0,1,908,14,NA,5,2,0,18,14,0
45,0,3,20430,18,36,1,1,2,16,16,1
77,1,1,45400,11,24,3,3,2,11,12,0
39,0,1,NA,11,NA,1,3,3,12,12,0
81,1,1,NA,14,NA,1,2,3,5,5,0
32,0,3,NA,9,NA,4,1,5,NA,NA,0
34,1,1,30645,11,86,1,2,1,NA,8,0
39,0,1,NA,19,NA,5,2,2,11,18,0
59,0,3,20430,13,40,3,2,2,3,1,0
49,1,3,72640,13,89,3,1,4,5,5,1
84,1,1,NA,16,NA,1,2,3,NA,16,1
24,0,1,908,11,42,5,3,0,11,11,0
52,1,3,NA,13,40,1,2,2,16,6,0
36,0,1,NA,12,NA,1,1,3,7,15,0
30,0,3,NA,6,NA,1,1,4,NA,0,0
67,0,2,NA,12,NA,5,1,3,NA,NA,0
18,1,1,NA,10,NA,5,2,0,9,NA,0
53,0,2,20430,12,40,5,1,1,12,12,0
49,0,1,1589,9,NA,4,1,3,NA,NA,0
24,0,2,NA,13,48,5,2,3,11,10,0
72,0,3,NA,8,NA,4,1,8,NA,NA,0
54,0,1,NA,12,NA,1,1,3,2,1,0
21,1,3,227,12,40,5,1,0,3,12,0
34,1,3,30645,9,60,1,1,4,12,12,0
60,0,1,30645,12,36,3,1,2,12,12,0
25,0,1,NA,12,NA,1,1,2,12,NA,0
53,0,3,30645,12,NA,3,1,3,4,4,0
33,1,1,30645,12,55,1,1,2,12,NA,0
30,0,3,17025,12,48,1,1,8,16,15,0
43,1,3,10782.5,11,55,3,1,3,NA,NA,0
27,1,3,9647.5,10,89,5,2,1,NA,NA,0
57,1,2,NA,11,NA,5,2,1,NA,12,0
43,0,3,NA,8,NA,5,2,4,NA,3,0
49,0,3,NA,13,40,3,3,2,NA,12,0
61,0,1,9647.5,10,62,3,1,6,10,NA,0
39,1,3,30645,14,54,4,2,2,14,10,0
54,0,1,NA,14,38,3,3,2,9,14,0
55,0,3,30645,8,65,1,1,5,NA,NA,0
54,1,2,NA,12,20,5,1,0,10,12,0
49,1,3,30645,11,75,1,2,3,9,4,0
77,0,2,908,12,NA,3,2,5,NA,NA,0
80,0,1,NA,10,NA,1,1,5,5,5,0
43,1,1,30645,10,65,1,3,3,12,8,0
45,0,3,1589,4,40,2,1,3,3,5,0
33,1,2,24970,15,NA,1,2,4,12,12,0
51,1,1,54480,14,70,3,1,0,12,12,0
34,0,1,5107.5,12,34,5,2,3,NA,7,0
28,1,1,54480,17,50,1,1,0,12,NA,1
35,0,1,20430,15,40,1,2,1,16,16,0
61,1,1,151050.72136000003,16,40,2,1,3,18,12,1
35,0,1,24970,20,20,1,3,0,16,18,1
66,0,1,20430,14,30,3,3,0,12,13,0
43,1,1,NA,12,60,3,3,2,16,5,0
20,1,1,NA,11,60,5,1,0,NA,9,0
60,1,1,NA,20,NA,1,3,0,20,18,1
64,0,1,NA,13,NA,1,2,2,14,12,0
34,1,3,NA,12,NA,5,3,0,NA,12,0
60,1,1,20430,12,40,5,2,0,10,12,0
34,1,1,24970,12,60,5,2,0,14,14,0
31,0,1,NA,14,24,1,2,1,NA,12,0
24,1,1,14755,12,89,5,1,0,16,12,0
64,0,3,24970,16,40,3,2,4,8,8,1
38,0,1,NA,15,NA,5,2,2,NA,12,0
56,1,1,12485,11,45,5,1,3,10,12,0
60,0,1,24970,17,40,3,2,0,6,12,1
27,1,1,NA,13,20,5,3,1,NA,18,0
25,0,1,2497,12,22,5,1,0,14,NA,0
38,1,3,NA,12,50,5,3,1,5,12,0
71,0,3,NA,16,20,3,1,1,8,12,1
73,1,1,5107.5,11,30,1,2,1,NA,NA,0
61,0,1,NA,20,NA,1,3,2,NA,10,1
30,0,1,NA,9,15,4,3,3,3,6,0
66,0,1,NA,20,NA,3,3,1,NA,11,1
53,0,1,908,12,6,3,2,4,12,15,0
41,1,1,NA,16,15,1,2,4,20,16,1
56,0,1,37455,18,50,1,1,4,16,16,1
26,0,1,NA,16,40,1,2,0,20,16,1
39,1,1,54480,19,NA,1,2,3,12,10,1
60,0,1,NA,16,NA,1,1,2,16,16,1
56,1,1,63560,20,50,1,2,2,19,18,1
18,0,1,NA,12,NA,5,2,0,16,14,0
62,0,1,NA,16,NA,1,2,3,16,18,1
48,0,1,NA,14,NA,1,3,1,NA,16,0
44,0,1,54480,20,45,1,2,2,13,15,1
55,1,1,151050.72136000003,16,60,1,2,1,12,12,1
21,1,1,NA,15,NA,5,2,0,20,16,0
24,1,1,4086,16,24,5,3,0,16,16,1
36,1,1,NA,14,NA,1,3,1,15,14,0
29,1,1,37455,16,55,5,3,0,16,16,1
66,0,3,NA,15,NA,3,3,1,8,8,0
33,0,1,20430,16,24,3,1,2,18,16,1
58,1,1,NA,14,NA,3,2,0,12,NA,0
76,0,1,NA,12,NA,3,1,2,NA,7,0
46,1,1,4086,12,45,5,2,1,12,10,0
30,0,1,24970,12,60,5,2,1,NA,16,0
49,0,1,30645,17,50,3,2,2,16,NA,1
51,1,1,17025,14,56,3,1,6,14,14,0
63,1,1,NA,12,NA,1,2,5,NA,12,0
39,1,1,NA,10,NA,1,3,0,12,12,0
69,0,3,7377.5,14,22,3,2,4,8,12,0
24,1,1,14755,12,40,1,2,2,8,13,0
42,0,3,908,6,54,3,1,4,3,6,0
30,1,3,20430,12,48,1,2,3,3,3,0
32,0,1,20430,13,40,1,2,3,4,0,0
41,0,3,NA,6,NA,1,1,4,NA,2,0
67,0,1,NA,13,NA,3,2,0,6,6,0
28,0,1,9647.5,14,50,3,2,5,16,16,0
60,0,3,NA,16,NA,5,2,0,8,8,1
51,0,1,54480,14,54,3,2,0,18,14,0
32,1,1,14755,16,40,5,3,0,20,14,0
28,1,2,6242.5,16,NA,5,1,1,12,12,0
59,1,1,24970,13,44,1,1,4,6,12,0
38,0,1,3405,9,35,1,1,5,9,9,0
70,0,1,NA,12,NA,1,1,1,12,15,0
36,1,2,8512.5,15,NA,5,1,5,NA,12,0
29,1,1,NA,16,60,5,2,2,NA,7,1
59,1,3,3405,2,45,4,1,4,0,0,0
42,0,3,7377.5,9,40,1,1,3,NA,1,0
60,1,3,NA,12,NA,5,1,0,NA,12,0
56,1,1,NA,13,NA,4,1,4,7,9,0
34,1,1,37455,18,70,5,2,0,12,14,1
32,0,1,12485,16,40,5,2,1,NA,14,1
22,0,2,2951,12,NA,5,1,0,NA,18,0
35,0,3,2497,13,40,1,2,3,15,11,0
22,0,2,NA,12,16,5,NA,2,12,12,0
25,0,1,NA,12,NA,5,2,0,12,NA,0
44,1,3,NA,12,NA,5,1,5,12,12,0
66,0,3,8512.5,12,NA,3,1,3,12,12,0
44,1,3,227,11,18,5,2,0,NA,11,0
47,1,3,2043,0,NA,2,2,2,0,0,0
21,1,1,NA,12,NA,5,4,1,12,12,0
43,0,1,NA,9,NA,3,2,3,0,0,0
51,1,1,NA,8,NA,3,1,2,NA,NA,0
67,0,1,NA,14,NA,1,2,3,12,12,0
71,1,1,NA,14,NA,1,3,7,6,12,0
85,0,1,NA,16,NA,2,3,4,12,12,1
72,0,1,NA,19,NA,3,3,2,11,12,1
51,0,3,NA,12,NA,5,3,2,7,13,0
81,1,3,NA,11,NA,1,1,6,0,0,0
60,0,1,14755,15,34,3,3,2,16,NA,0
56,0,1,24970,17,45,1,1,2,12,12,1
55,0,1,45400,17,40,1,2,2,NA,14,1
49,1,1,NA,15,NA,1,3,0,13,14,0
64,0,1,NA,15,NA,1,1,1,12,12,0
29,0,3,NA,20,20,5,3,0,12,13,1
46,0,1,30645,16,50,4,2,3,14,12,1
19,0,1,NA,12,NA,5,3,0,13,NA,0
19,0,3,NA,12,NA,5,1,0,3,4,0
19,1,1,NA,12,NA,5,3,0,16,16,0
41,0,1,NA,16,NA,1,1,2,13,12,1
25,1,1,8512.5,16,40,5,3,0,12,12,1
73,1,1,NA,15,NA,1,1,2,17,17,0
74,1,1,NA,13,NA,1,2,3,12,12,0
53,0,1,9647.5,12,32,1,1,0,12,10,0
49,0,1,NA,12,NA,3,1,2,15,11,0
69,1,1,NA,15,NA,1,2,3,12,12,0
55,1,1,151050.72136000003,18,1,1,2,2,12,12,1
51,1,1,NA,15,48,1,2,2,16,20,0
68,1,1,NA,14,NA,5,2,0,12,12,0
66,0,1,NA,15,NA,1,2,0,8,12,0
63,1,3,NA,18,NA,3,2,3,8,12,1
57,1,1,45400,17,60,3,3,2,12,12,0
44,1,1,72640,20,80,1,2,2,18,14,1
26,0,2,20430,16,NA,5,2,0,14,NA,1
44,1,1,20430,20,45,5,2,0,16,13,1
58,0,1,72640,19,84,3,3,3,NA,12,1
41,0,1,9647.5,14,43,3,2,1,12,14,0
24,1,1,NA,19,NA,1,2,2,16,16,1
28,0,1,9647.5,15,20,1,2,0,10,16,0
36,0,1,17025,16,40,5,3,1,NA,19,1
34,1,1,908,14,NA,1,3,2,13,12,0
25,0,1,9647.5,14,40,1,2,0,14,16,0
62,0,3,14755,14,30,1,3,2,NA,12,0
33,0,1,14755,12,40,5,3,1,20,17,0
37,1,1,12485,14,40,5,2,1,NA,16,0
36,1,1,14755,9,35,4,2,0,13,12,0
41,1,1,NA,10,NA,3,3,0,14,12,0
61,0,3,30645,12,50,3,2,4,12,13,0
71,1,1,45400,19,64,1,2,1,15,14,1
53,1,1,30645,20,40,1,2,0,18,16,1
44,1,3,14755,12,43,3,2,2,NA,12,0
50,1,3,24970,14,40,3,1,2,NA,6,0
75,1,1,NA,11,NA,3,3,3,12,12,0
69,0,3,NA,16,NA,2,1,2,12,NA,0
63,0,1,NA,18,NA,1,2,3,14,14,1
80,0,3,NA,12,NA,2,2,2,8,4,0
66,1,1,2497,12,24,1,1,3,10,10,0
35,1,1,20430,12,65,4,3,0,12,NA,0
44,1,1,20430,12,46,1,1,0,18,14,0
81,0,1,NA,12,NA,2,2,6,12,9,0
76,1,1,NA,14,NA,1,1,4,16,14,0
34,0,1,NA,12,NA,1,2,2,16,12,0
18,1,1,2043,8,30,5,3,0,NA,12,0
36,1,1,12485,12,50,5,3,0,16,12,0
70,0,1,NA,14,NA,3,2,1,3,16,0
41,0,1,NA,11,NA,1,2,3,12,16,0
34,0,1,NA,12,NA,1,1,3,12,15,0
57,1,1,NA,12,NA,3,2,0,NA,NA,0
30,0,1,NA,14,NA,5,2,3,11,13,0
56,0,1,17025,14,40,4,2,3,NA,11,0
53,0,1,8512.5,12,60,5,3,2,6,14,0
54,0,1,2043,18,3,1,2,3,12,NA,1
70,0,1,NA,14,NA,2,3,0,NA,12,0
37,1,3,1589,12,20,5,2,0,12,12,0
59,1,3,NA,9,NA,1,1,6,NA,10,0
51,0,1,9647.5,10,40,4,1,2,7,4,0
52,0,1,24970,14,40,1,2,2,NA,18,0
53,0,1,NA,15,NA,3,2,3,19,12,0
60,0,1,NA,11,NA,3,3,3,14,3,0
18,0,1,NA,11,NA,5,2,0,16,13,0
33,0,1,NA,9,NA,1,2,3,20,NA,0
22,1,1,8512.5,12,50,5,3,0,NA,12,0
53,0,1,5107.5,12,32,3,2,6,NA,8,0
66,0,1,14755,12,NA,2,2,2,9,10,0
28,1,1,24970,18,48,5,1,0,14,14,1
27,0,1,NA,12,35,1,2,2,12,12,0
89,1,1,NA,12,NA,2,1,2,NA,6,0
26,1,2,10782.5,12,89,1,2,2,NA,12,0
28,0,1,5107.5,14,13,1,1,0,13,13,0
66,0,1,6242.5,14,21,1,2,2,14,12,0
59,1,1,9647.5,14,40,1,2,2,11,NA,0
80,1,1,NA,16,NA,1,2,4,14,12,1
75,0,1,NA,12,38,1,2,3,8,8,0
73,0,1,NA,12,NA,1,2,2,7,11,0
64,1,1,17025,12,40,1,1,5,12,13,0
36,1,3,30645,14,NA,1,2,3,12,12,0
65,1,1,NA,8,NA,1,1,0,NA,NA,0
82,1,1,NA,12,NA,2,1,3,16,12,0
29,0,1,4086,13,NA,5,2,1,12,10,0
37,1,1,30645,16,45,1,3,1,20,20,1
39,1,1,37455,17,65,1,3,4,18,18,1
40,0,1,30645,14,40,1,1,2,12,18,0
39,0,1,5107.5,16,5,1,2,3,16,16,1
63,0,1,NA,12,NA,1,1,2,3,9,0
39,0,1,NA,12,NA,1,1,2,2,2,0
33,0,1,14755,14,56,5,2,1,13,8,0
57,0,1,14755,13,60,3,1,4,12,12,0
44,0,1,30645,16,40,2,2,2,19,12,0
43,0,1,NA,17,45,1,1,2,NA,NA,0
48,1,1,63560,15,45,1,1,3,12,12,1
27,1,1,24970,12,48,5,3,0,12,14,0
59,0,1,NA,12,NA,2,2,6,12,12,0
46,1,3,30645,13,40,1,2,3,12,12,0
51,1,1,24970,14,40,1,2,3,16,12,0
63,1,1,30645,16,40,1,1,2,12,12,1
76,0,1,NA,12,NA,2,1,2,NA,12,0
56,0,1,151050.72136000003,16,40,1,2,2,20,16,1
39,1,1,14755,13,30,1,1,4,12,12,0
34,0,1,6242.5,14,45,5,2,3,NA,12,0
36,0,1,6242.5,12,35,1,1,2,8,12,0
51,0,1,NA,12,NA,5,1,0,NA,12,0
62,1,1,NA,20,NA,2,3,1,12,16,1
75,0,2,NA,14,NA,2,1,1,4,8,0
68,1,1,NA,12,NA,3,1,1,11,NA,0
79,0,1,NA,10,NA,2,1,4,NA,12,0
66,0,1,NA,14,NA,3,1,2,12,12,0
20,0,1,NA,10,NA,1,2,1,NA,14,0
74,0,1,NA,12,NA,1,1,3,6,12,0
48,0,2,12485,14,NA,4,2,4,NA,11,0
52,0,1,NA,13,40,1,1,2,16,12,0
87,1,1,NA,14,NA,2,1,4,NA,12,0
39,1,1,12485,14,40,1,1,3,12,12,0
35,0,2,NA,14,NA,1,1,3,12,12,0
30,0,1,NA,14,40,5,2,0,NA,7,0
20,0,1,227,13,NA,5,1,0,12,12,0
49,0,1,20430,12,40,1,2,0,8,12,0
36,0,1,12485,17,40,1,2,3,3,2,1
40,1,1,20430,7,60,1,1,2,NA,5,0
62,1,1,45400,12,NA,1,1,2,9,10,0
22,0,1,5107.5,12,NA,5,3,0,NA,12,0
38,0,1,20430,20,50,1,2,2,NA,12,1
59,1,1,30645,16,45,1,2,3,20,18,1
25,0,1,9647.5,15,30,1,2,0,NA,14,0
55,0,1,NA,12,NA,1,1,2,16,7,0
37,0,1,14755,12,35,1,1,3,12,12,0
72,0,1,4086,16,6,1,1,2,16,16,1
58,0,1,NA,9,40,1,1,5,7,7,0
65,0,1,9647.5,12,22,1,1,2,12,10,0
46,0,1,4086,12,NA,1,1,0,NA,NA,0
50,0,1,NA,12,NA,1,2,3,12,12,0
85,1,1,NA,12,NA,1,1,0,3,7,0
73,1,1,NA,16,NA,1,2,1,12,NA,1
89,1,1,54480,12,60,2,1,2,8,10,0
69,1,1,NA,14,NA,2,2,0,8,NA,0
71,1,1,NA,12,NA,3,2,3,9,12,0
66,0,1,NA,12,NA,1,1,1,6,3,0
19,1,1,NA,11,NA,5,1,0,12,12,0
56,1,1,NA,6,NA,1,1,3,NA,NA,0
46,1,1,14755,8,NA,3,2,5,15,8,0
49,0,1,NA,14,NA,1,4,5,10,11,0
34,0,1,12485,14,40,5,4,7,NA,16,0
31,0,1,NA,14,13,1,2,1,14,11,0
32,0,2,9647.5,12,37,5,2,0,NA,12,0
26,1,1,9647.5,17,40,5,3,0,18,20,1
53,1,1,151050.72136000003,12,70,4,3,8,12,12,0
49,1,1,NA,12,30,5,1,0,12,12,0
20,0,2,227,13,65,5,4,0,13,NA,0
39,0,1,20430,12,80,3,2,2,16,18,0
38,0,1,24970,12,70,1,3,2,9,12,0
33,1,1,37455,19,50,5,2,0,NA,12,1
63,1,1,5107.5,12,30,1,2,1,8,8,0
82,1,1,NA,9,NA,1,1,7,NA,8,0
47,0,1,NA,12,65,5,1,3,8,NA,0
38,1,1,NA,14,45,1,1,2,12,12,0
25,1,2,12485,14,64,5,1,1,16,16,0
55,0,2,20430,9,34,5,2,1,NA,NA,0
55,0,3,14755,10,40,1,1,3,NA,NA,0
74,0,1,NA,16,NA,5,1,0,8,16,1
77,1,1,NA,12,NA,1,2,3,8,8,0
61,0,1,227,12,50,2,2,4,12,12,0
29,1,1,45400,12,40,5,2,1,12,13,0
29,0,1,6242.5,12,45,1,3,2,12,12,0
31,0,3,20430,12,40,5,3,3,12,13,0
37,0,1,8512.5,12,47,3,1,2,16,NA,0
74,1,1,NA,12,NA,3,1,4,12,8,0
80,0,1,6242.5,14,24,2,1,4,10,12,0
78,0,1,NA,12,NA,2,1,6,8,8,0
59,1,1,NA,12,NA,1,1,2,6,8,0
39,0,1,4086,12,30,1,2,3,10,9,0
59,1,1,NA,12,NA,3,1,2,12,12,0
52,1,1,63560,12,50,1,2,3,12,12,0
44,0,1,NA,16,NA,1,1,7,NA,20,1
36,0,1,14755,12,36,5,1,1,12,12,0
83,1,1,NA,12,NA,1,2,3,12,NA,0
47,0,1,20430,12,40,3,1,0,12,14,0
65,1,1,6242.5,12,60,1,2,3,12,12,0
37,1,1,NA,12,60,1,2,2,12,12,0
56,0,1,30645,16,30,1,3,2,16,12,1
40,1,1,20430,12,1,1,2,1,12,12,0
39,1,1,37455,16,40,1,2,2,16,16,1
30,0,1,6242.5,19,40,5,2,0,12,12,1
29,1,3,NA,15,NA,5,3,0,12,12,1
24,0,3,908,12,16,5,2,0,16,16,0
59,0,1,NA,12,NA,4,2,3,12,9,0
44,1,1,NA,14,55,1,2,3,NA,12,0
59,1,2,17025,16,NA,3,2,1,12,18,1
39,1,1,17025,18,40,5,3,0,NA,12,1
72,0,1,NA,14,NA,3,1,1,8,12,0
56,0,1,2043,10,38,3,1,2,NA,NA,0
36,0,1,NA,14,40,3,2,3,11,12,0
82,1,1,NA,12,NA,1,1,3,9,NA,0
35,0,1,NA,13,25,5,3,3,12,12,0
37,1,1,NA,15,40,1,2,2,11,14,0
62,1,1,30645,12,50,1,2,1,12,12,0
33,0,1,20430,20,50,1,2,1,12,11,1
25,1,1,NA,12,8,5,2,0,12,12,0
40,0,1,8512.5,16,36,1,2,0,16,16,0
63,0,1,NA,14,NA,3,2,1,17,12,0
50,0,1,30645,20,45,1,2,2,14,13,1
71,1,1,NA,14,NA,1,2,0,12,12,0
77,1,1,NA,8,NA,2,1,3,4,3,0
33,1,1,NA,12,NA,5,3,0,12,NA,0
54,1,1,NA,12,NA,5,2,0,NA,11,0
41,1,1,NA,12,NA,1,2,4,NA,14,0
51,1,1,37455,17,40,1,2,2,12,12,1
42,0,1,4086,12,55,5,2,0,12,12,0
73,1,1,NA,13,NA,1,2,3,11,10,0
23,1,1,NA,12,NA,5,2,0,14,13,0
57,1,1,NA,12,NA,5,1,0,NA,NA,0
65,1,1,NA,19,NA,NA,3,8,9,12,1
58,1,3,NA,2,50,1,2,6,0,0,0
59,1,1,20430,13,44,3,3,0,10,12,0
27,0,1,NA,18,40,1,2,0,14,14,1
29,1,1,17025,16,42,5,3,0,18,13,1
32,0,1,12485,12,45,1,2,3,NA,12,0
32,1,1,17025,11,40,5,3,1,14,12,0
27,1,3,12485,13,40,5,3,0,10,12,0
40,0,1,10782.5,12,37,1,2,0,NA,12,0
30,0,1,NA,17,NA,1,3,2,12,12,1
68,0,1,NA,14,NA,5,3,0,NA,NA,0
47,0,1,7377.5,17,40,3,2,1,11,11,1
51,1,1,NA,9,3,5,1,0,9,10,0
56,0,1,12485,11,55,1,2,3,NA,10,0
70,1,1,NA,10,72,3,1,2,6,12,0
80,1,3,NA,13,NA,1,1,6,NA,NA,0
53,0,1,NA,8,32,1,3,2,7,12,0
79,1,1,NA,12,NA,3,1,4,8,NA,0
57,0,1,14755,12,40,1,1,2,8,12,0
59,0,1,NA,10,NA,2,1,3,NA,13,0
61,0,1,6242.5,12,30,1,1,2,12,12,0
45,1,1,NA,12,70,3,1,2,12,12,0
66,1,1,NA,12,NA,3,1,2,0,0,0
55,0,1,1589,12,50,3,1,2,8,8,0
60,0,1,NA,12,NA,1,1,2,NA,13,0
79,0,1,NA,12,NA,2,1,3,NA,NA,0
55,1,1,54480,12,40,1,2,4,8,NA,0
48,0,1,7377.5,14,40,1,2,2,NA,11,0
56,0,1,20430,14,40,3,1,2,NA,8,0
66,1,1,NA,12,NA,1,1,2,NA,12,0
30,0,1,24970,19,NA,1,2,2,12,12,1
21,0,1,NA,12,44,5,2,1,12,12,0
29,1,1,5107.5,12,60,3,2,1,12,14,0
81,0,1,NA,12,NA,1,1,3,NA,8,0
57,0,1,17025,12,40,3,1,2,12,8,0
37,1,1,5107.5,12,48,3,2,3,11,12,0
77,1,1,NA,8,NA,1,2,6,7,6,0
67,1,2,NA,10,NA,4,3,2,0,0,0
34,0,3,8512.5,3,40,1,1,4,6,0,0
24,0,2,14755,16,40,5,2,0,14,16,1
21,0,3,10782.5,16,40,5,2,0,14,12,0
30,1,3,2497,6,35,5,1,3,0,NA,0
28,0,2,NA,13,NA,5,2,2,NA,16,0
22,0,2,NA,14,NA,5,2,0,NA,11,0
84,1,2,NA,4,NA,1,1,7,NA,7,0
65,1,1,NA,12,40,1,1,1,8,8,0
74,1,1,NA,12,NA,1,1,2,6,NA,0
89,0,1,NA,12,NA,5,1,0,3,3,0
46,1,2,37455,12,40,3,2,4,NA,12,0
74,0,1,NA,8,NA,2,1,5,NA,NA,0
34,0,1,4086,11,37,1,1,3,NA,11,0
34,0,2,20430,14,57,1,1,3,NA,9,0
64,0,2,NA,10,NA,2,1,4,NA,NA,0
40,0,1,20430,15,45,1,2,5,12,12,0
56,1,2,908,14,50,1,1,2,NA,11,0
26,0,2,NA,14,NA,5,1,3,NA,12,0
64,1,1,NA,13,NA,3,2,2,NA,8,0
68,0,1,6242.5,17,16,5,2,0,12,12,1
30,0,1,12485,12,60,1,1,1,NA,12,0
41,0,1,NA,12,NA,2,2,3,9,12,0
22,1,2,NA,12,NA,5,NA,2,NA,NA,0
66,0,1,NA,11,NA,3,1,1,NA,20,0
35,0,1,10782.5,12,40,1,1,6,10,4,0
43,1,1,NA,9,NA,1,1,3,9,10,0
48,0,1,17025,12,47,1,1,2,NA,12,0
34,1,3,9647.5,6,43,5,1,4,2,0,0
60,1,1,NA,10,NA,1,1,1,16,12,0
52,0,1,NA,11,NA,3,1,0,NA,NA,0
37,0,2,NA,11,NA,5,1,4,NA,20,0
25,0,2,NA,11,NA,5,1,1,NA,12,0
41,0,2,NA,10,40,5,3,3,NA,12,0
41,1,2,227,12,55,5,1,2,NA,12,0
77,0,2,NA,9,NA,2,1,7,5,0,0
23,0,2,908,13,33,5,2,1,NA,12,0
53,0,2,NA,12,NA,5,1,2,NA,6,0
30,1,2,12485,10,48,5,3,1,NA,16,0
21,0,2,1589,13,42,5,2,0,NA,12,0
75,1,2,NA,6,NA,4,1,3,NA,NA,0
77,1,2,NA,12,NA,1,2,3,NA,NA,0
68,1,2,NA,10,NA,1,1,7,NA,9,0
28,0,2,9647.5,12,40,1,1,2,NA,16,0
20,0,2,NA,12,NA,5,1,0,NA,12,0
66,1,1,227,6,NA,3,1,5,NA,NA,0
52,1,2,37455,10,NA,3,1,6,NA,5,0
40,1,1,14755,12,45,1,3,0,12,12,0
31,0,2,NA,12,NA,1,2,0,12,14,0
32,1,2,9647.5,12,46,5,1,0,NA,12,0
53,0,2,NA,9,NA,5,3,1,NA,NA,0
78,1,2,NA,14,NA,4,2,2,NA,12,0
54,1,1,14755,13,NA,1,2,2,11,12,0
25,0,1,4086,14,NA,5,1,1,14,16,0
53,0,1,10782.5,8,NA,1,2,4,NA,12,0
54,0,1,NA,12,NA,3,2,0,8,12,0
26,1,1,17025,12,50,5,1,0,12,12,0
75,1,1,NA,NA,10,1,NA,3,NA,NA,0
56,1,1,54480,17,44,1,2,0,12,12,1
36,0,1,24970,20,NA,1,3,0,16,14,1
52,0,1,24970,12,35,3,4,3,NA,6,0
68,1,2,NA,10,30,1,2,3,NA,NA,0
67,1,2,NA,12,NA,3,2,2,9,9,0
53,1,1,37455,15,46,1,2,2,12,11,1
43,0,1,30645,14,40,1,3,1,12,12,0
38,0,1,NA,16,NA,1,3,2,16,16,1
68,0,1,2951,12,NA,2,2,3,11,11,0
57,0,1,2951,16,55,2,3,3,16,16,1
39,1,1,37455,12,27,5,2,4,NA,11,0
66,1,1,908,16,NA,5,3,0,20,12,1
74,1,1,NA,17,NA,2,2,3,12,16,1
39,0,1,NA,14,NA,5,3,2,13,NA,0
50,1,1,24970,14,28,1,3,2,12,11,0
74,0,1,NA,12,NA,3,2,0,NA,15,0
35,0,1,NA,17,NA,1,1,2,16,14,1
76,1,1,NA,20,NA,1,2,2,12,12,1
65,0,1,NA,18,NA,2,2,5,12,12,1
54,0,1,17025,18,37,1,2,0,14,12,1
25,0,1,4086,16,55,5,3,0,14,14,1
87,0,1,NA,12,NA,2,1,4,12,8,0
46,0,1,NA,12,NA,3,1,3,12,NA,0
29,0,1,14755,14,60,1,2,0,10,16,0
89,1,1,NA,8,NA,2,2,2,6,NA,0
68,0,1,NA,14,NA,3,1,2,12,14,0
19,1,1,NA,12,NA,5,2,0,12,16,0
37,0,1,NA,12,36,3,3,2,12,13,0
75,0,1,7377.5,12,36,1,1,4,8,8,0
67,0,1,1589,12,NA,1,2,3,12,14,0
72,1,1,NA,16,NA,1,2,2,14,12,0
79,0,1,NA,12,NA,2,2,6,8,8,0
